Model,Method,Accuracy_percent,Analog_Tile_Util_percent,Analog_MAC_Ratio_percent,Params_M,Digital_Size_MB,Analog_Tiles,Latency_ms,Energy_uJ_per_sample
ResNet8_CIFAR10,Full_Digital_FP32,88.65,0,0,0.075,0.28,0,1.10,118.2
ResNet8_CIFAR10,Full_Analog,85.1,7.21,98.6,NA,0,9,0.52,38.1
ResNet8_CIFAR10,Harmonica,87.41±0.4,3.7±0.08,72±1.8,NA,0.041±0.01,7±1.0,0.82±0.03,54.3±2.1
ResNet8_CIFAR10,ODiMo,86.5±0.5,3.9±0.12,65±1.5,NA,0.05±0.01,5±1.5,0.90±0.04,57.9±2.4
ResNet8_CIFAR10,LionHEART,87.85±0.6,3.5±0.5,60.05±0.5,NA,0.04±0.01,7±1.2,0.75±0.03,49.8±1.9
ResNet8_CIFAR10,MPAAS,90.1±0.4,28.1±1.8,72±1.2,0.205,0.05±0.01,7±0.8,0.68±0.03,44.1±1.7
ResNet8_CIFAR10,MPS,88.5±0.6,3.5±0.03,70±1.6,NA,0.03±0.01,7±0.9,0.62±0.02,41.4±1.6
ResNet20_CIFAR10,Full_Digital_FP32,92.0,0,0,0.26,1.04,0,2.30,232.8
ResNet20_CIFAR10,Full_Analog,83.6,8.78,98.9,NA,0,37,0.95,76.2
ResNet20_CIFAR10,Harmonica,87.23±1.2,3.6±0.05,58±2.3,NA,0.16±0.02,18±1.5,1.38±0.05,106.4±3.3
ResNet20_CIFAR10,ODiMo,84.3±0.7,4.5±0.1,63±1.7,NA,0.20±0.02,9±5.5,1.50±0.06,114.1±3.5
ResNet20_CIFAR10,LionHEART,84.25±1.1,6.1±0.3,88±2.3,NA,0.12±0.13,26±3.3,1.20±0.04,96.3±2.8
ResNet20_CIFAR10,MPAAS,94.2±0.3,14.98±1.6,73±1.3,0.86±0.04,0.10±0.02,31±1.1,1.15±0.05,89.7±2.4
ResNet20_CIFAR10,MPS,90.8±0.5,9.2±0.03,88±1.8,NA,0.08±0.01,28±1.5,1.05±0.04,81.6±2.1
MobileNetV2_CIFAR10,Full_Digital_FP32,90.1,0,0,2.23,8.53,0,4.10,412.5
MobileNetV2_CIFAR10,Full_Analog,87.0,57.3,97.8,NA,0,54,1.45,131.8
MobileNetV2_CIFAR10,Harmonica,86.0±0.3,42.1±1.4,57.2±2.4,NA,5.12±0.5,21±3.1,2.72±0.12,225.3±6.2
MobileNetV2_CIFAR10,ODiMo,88.1±0.6,62±2,68±1.5,NA,4.4±0.4,31±4.2,2.10±0.10,184.5±5.5
MobileNetV2_CIFAR10,LionHEART,85.6±1.2,67±3.5,87±1.5,NA,3.15±0.3,43±3.6,1.75±0.08,162.3±4.9
MobileNetV2_CIFAR10,MPAAS,92.5±0.4,78±1.7,74±1.4,2.45,3.4±0.3,40±2.8,1.62±0.07,148.5±4.2
MobileNetV2_CIFAR10,MPS,89.5±0.5,76±2.1,83±1.6,NA,3.15±0.3,41±2.4,1.55±0.06,142.1±3.8
