Model,Method,mIoU_percent,Analog_Tile_Util_percent,Analog_MAC_Ratio_percent,Parameters_M,Digital_Size_MB,Number_of_Analog_Tiles,Latency_ms,Energy_uJ_per_sample
ResNet18_COCO,Full_Digital_FP32,50.3,0,0,11.6,44.5,0,38.0,5400
ResNet18_COCO,Full_Analog,45.1,60.44,98.6,NA,0,45,16.5,1890
ResNet18_COCO,Harmonica,45.3±1.8,45±1.5,57±2.5,NA,12.6±0.6,43±2.1,28.5±1.3,2625±85
ResNet18_COCO,ODiMo,46.8±0.9,65±3,60±2,NA,14.6±0.7,47±2.3,30.0±1.4,2750±90
ResNet18_COCO,LionHEART,45.7±1.5,58±4.2,52±5,NA,11.4±0.5,50±2.5,27.0±1.2,2480±80
ResNet18_COCO,MPAAS,52.1±0.4,72±2.2,67±1.5,12.3±1.3,9.8±0.5,56±2.8,24.0±1.0,2320±75
ResNet18_COCO,MPS,50.8±0.6,70±2.5,65±1.8,NA,10.6±0.5,59±3.0,22.0±0.9,2160±70
ResNet50_COCO,Full_Digital_FP32,53.8,0,0,25.5,97.49,0,62.0,7800
ResNet50_COCO,Full_Analog,48.2,71.3,98.9,NA,0,96,26.0,2575
ResNet50_COCO,Harmonica,47.6±1.4,64.2±1.1,60.1±2.5,NA,42.15±2.1,44±2.2,44.0±1.8,4050±130
ResNet50_COCO,ODiMo,49.3±1.0,63±2.8,58±2.1,NA,57.7±2.8,40±2.0,42.0±1.7,4290±140
ResNet50_COCO,MPAAS,54.7±0.5,77±1.6,66±1.7,27.8±1.2,21.2±1.1,52±2.6,36.0±1.5,3120±100
ResNet50_COCO,MPS,52.3±0.5,69±2.4,64±1.9,NA,26.8±1.3,60±3.0,34.0±1.4,2880±95
VIT_Adapter_S_COCO,Full_Digital_FP32,47.6,0,0,3.5,14,0,46.0,6460±150
VIT_Adapter_S_COCO,Full_Analog,42.8,38.98,97.6,NA,0,83,18.0,2287
VIT_Adapter_S_COCO,LionHEART,44.1±0.7,29.5±3.0,62±2.2,NA,5.3±1.1,45±4.5,24.0±1.1,3175±95
VIT_Adapter_S_COCO,MPAAS,48.3±0.5,44.8±2.3,69±1.8,3.8±0.6,4.6±0.5,58±2,21.0±0.8,2612±84
VIT_Adapter_S_COCO,MPS,46.5±0.7,45.7±2.6,66±2.0,NA,3.3±0.2,53±0.5,19.5±0.9,2388±69
