out_channel0,M,R1,R2,R3,R4,R5,convblock1,widenfact1,B1,convblock2,widenfact2,B2,convblock3,widenfact3,B3,convblock4,widenfact4,B4,convblock5,widenfact5,B5,1_day_accuracy,1_day_accuracy_std,AVM
20,1,13,0,0,0,0,B,2,4,0,0,0,0,0,0,0,0,0,0,0,0,0.7123040739893588,0.1521903407375242,21.586718897508902
113,4,12,12,12,4,0,C,3,7,A,1,6,B,2,3,A,1,7,0,0,0,0.9001261857869475,0.05864581180430474,19.79135180637833
119,1,13,0,0,0,0,B,2,11,0,0,0,0,0,0,0,0,0,0,0,0,0.6648137659929746,0.1429071610000895,20.803977765349263
83,1,6,0,0,0,0,D,1,4,0,0,0,0,0,0,0,0,0,0,0,0,0.6655848328576086,0.1082569171575784,15.734291233132115
71,3,12,11,10,0,0,C,4,8,B,1,5,C,1,4,0,0,0,0,0,0,0.9278374942925277,0.02729815164003515,14.011443911084317
41,2,5,5,0,0,0,C,2,7,B,4,5,0,0,0,0,0,0,0,0,0,0.9358864902879385,0.043575194556308525,16.131988225522175
38,2,15,12,0,0,0,C,2,4,B,2,9,0,0,0,0,0,0,0,0,0,0.8813208306319755,0.11537463872908525,17.393162631700243
71,5,13,9,11,1,13,C,1,7,D,1,7,A,1,6,C,1,4,A,2,5,0.9309078049289105,0.09480113941726677,18.033548088715342
14,4,13,9,9,1,0,D,4,3,C,4,5,D,3,6,C,2,12,0,0,0,0.9133741395847211,0.06866139790825317,14.891664874463268
82,1,6,0,0,0,0,C,4,4,0,0,0,0,0,0,0,0,0,0,0,0,0.9434625397856627,0.039944997437033385,14.37776100413384
46,3,4,4,2,0,0,B,3,12,A,1,1,D,1,5,0,0,0,0,0,0,0.8394448761586735,0.24268065232590863,15.687713691746135
53,2,13,2,0,0,0,D,2,9,C,4,4,0,0,0,0,0,0,0,0,0,0.9007658990140711,0.038850288268282934,14.972149422822625
87,4,15,7,12,5,0,A,1,10,D,2,11,D,3,5,A,4,9,0,0,0,0.9197077694665557,0.09232074958492907,15.269723104527603
121,3,6,12,12,0,0,D,4,10,D,2,7,A,1,11,0,0,0,0,0,0,0.9066218913180402,0.09782340230337795,15.810723269899446
108,3,15,3,6,0,0,D,2,12,D,1,5,A,4,5,0,0,0,0,0,0,0.9178815286799867,0.0764270805460344,15.926200078789735
79,1,7,0,0,0,0,A,2,2,0,0,0,0,0,0,0,0,0,0,0,0,0.742780243665552,0.1270743308777171,18.200179062611728
51,5,13,13,1,5,15,A,3,5,A,1,4,B,2,8,A,3,6,B,4,6,0.9022340453959692,0.05333164619707917,17.377838156819415
112,5,6,7,11,16,14,B,1,2,B,1,3,A,3,8,D,4,8,C,4,5,0.9023268206473251,0.04662438759970722,16.11302729969535
24,2,1,9,0,0,0,C,1,7,D,4,9,0,0,0,0,0,0,0,0,0,0.9088392594323211,0.026072796280039556,16.032690361326676
17,4,16,7,13,11,0,B,3,4,B,2,12,A,2,9,A,3,10,0,0,0,0.9418585523099623,0.036494270108089616,14.730586958900705
77,4,8,11,6,12,0,A,4,11,B,2,6,C,1,11,A,2,7,0,0,0,0.9230260206187201,0.05427611742781294,18.02401258384732
96,5,2,7,5,10,15,B,1,9,D,3,10,C,4,2,D,4,10,D,1,1,0.9244854497079784,0.028609335116572335,19.193394728745474
98,2,15,1,0,0,0,B,4,3,B,3,3,0,0,0,0,0,0,0,0,0,0.9114967474039085,0.04475181156779302,16.599279936937364
60,1,6,0,0,0,0,A,1,11,0,0,0,0,0,0,0,0,0,0,0,0,0.7347615579651804,0.2577753934154293,19.02528444136574
51,1,13,0,0,0,0,C,2,9,0,0,0,0,0,0,0,0,0,0,0,0,0.7957563922537739,0.230930496934661,21.82555874898876
25,1,2,0,0,0,0,B,1,12,0,0,0,0,0,0,0,0,0,0,0,0,0.8468085044458672,0.19212032250486716,17.086658773835236
104,2,5,12,0,0,0,B,4,12,C,1,7,0,0,0,0,0,0,0,0,0,0.9334609738576817,0.021501543135377423,14.112144994644147
23,2,2,15,0,0,0,B,3,8,A,2,1,0,0,0,0,0,0,0,0,0,0.8297795401352711,0.25301453104217697,19.265918640446603
19,5,9,4,10,16,14,C,4,9,D,1,1,D,4,4,C,2,11,D,2,6,0.9057739331894292,0.05799687429069335,19.18784005671305
45,1,2,0,0,0,0,A,4,3,0,0,0,0,0,0,0,0,0,0,0,0,0.9107669284296251,0.07482954970201303,14.245041746467054
109,4,16,1,1,6,0,C,2,5,D,3,3,B,4,8,B,2,5,0,0,0,0.9066271102627218,0.09696809367628631,18.266070512843214
87,5,12,9,4,15,2,A,2,11,C,2,12,D,4,3,B,1,12,B,2,5,0.9056860154062939,0.0849206547446585,18.64840953668273
42,1,11,0,0,0,0,D,4,9,0,0,0,0,0,0,0,0,0,0,0,0,0.9099214889587277,0.06772406238453703,15.201098245177494
68,3,2,16,8,0,0,D,4,1,D,4,6,C,1,11,0,0,0,0,0,0,0.9196803122399528,0.031594973143303576,18.708556857107943
121,4,7,2,2,5,0,A,4,4,D,4,11,B,2,5,B,4,5,0,0,0,0.9443073929725607,0.07543764285668414,17.54716695339389
29,5,13,10,8,5,5,B,1,4,A,3,6,A,2,5,C,2,2,B,3,3,0.9452216386556332,0.08331664827938243,16.56794428245354
122,1,9,0,0,0,0,D,2,9,0,0,0,0,0,0,0,0,0,0,0,0,0.7580965487626776,0.2899477312915232,19.179745447018355
58,1,14,0,0,0,0,C,2,7,0,0,0,0,0,0,0,0,0,0,0,0,0.7768861983499717,0.11035641906031826,20.692807097959985
90,3,1,14,12,0,0,C,4,1,B,3,8,D,1,12,0,0,0,0,0,0,0.9062705177701745,0.09704221537906532,15.548970616092557
24,4,1,13,14,8,0,B,4,11,C,3,11,C,2,4,D,4,12,0,0,0,0.9131294025521814,0.041927784172692245,15.649613513858561
108,2,9,10,0,0,0,C,2,10,D,4,1,0,0,0,0,0,0,0,0,0,0.9077437915369597,0.09495238805673505,14.39943404241858
32,3,6,13,11,0,0,B,4,2,B,3,1,A,4,1,0,0,0,0,0,0,0.9403685792368847,0.03440646822249721,15.17140789890308
117,5,3,6,8,12,1,D,2,4,B,1,5,A,1,7,B,2,8,B,4,2,0.9201696077608783,0.09580964817909594,17.07759358960099
27,3,10,1,5,0,0,D,2,7,A,4,3,B,3,9,0,0,0,0,0,0,0.9194488812434191,0.04588825328510294,14.840215482898499
78,4,12,11,9,10,0,C,2,9,A,2,7,C,4,7,A,1,8,0,0,0,0.9444591980309079,0.07127316453891179,14.343491052998198
117,5,15,2,4,12,6,D,4,1,D,1,11,A,2,8,D,3,2,B,4,8,0.9211842277785294,0.03952838785939186,16.743441752409964
37,2,8,9,0,0,0,B,3,1,A,2,9,0,0,0,0,0,0,0,0,0,0.7692258472156329,0.21208366465754708,18.056494622936363
20,1,1,0,0,0,0,B,3,1,0,0,0,0,0,0,0,0,0,0,0,0,0.6660666158487121,0.20288100059414577,21.60684839156293
56,1,4,0,0,0,0,D,3,12,0,0,0,0,0,0,0,0,0,0,0,0,0.6873303789392433,0.2964595912232496,21.262952467469727
17,3,10,8,1,0,0,D,3,7,A,3,4,A,3,10,0,0,0,0,0,0,0.7929160562131381,0.2594197043750327,18.21708643272029
45,2,3,10,0,0,0,A,4,2,C,4,6,0,0,0,0,0,0,0,0,0,0.9230707825967746,0.08199875961684966,17.807831557083983
124,5,11,6,11,10,12,C,2,12,A,1,2,C,1,12,B,3,7,D,2,11,0.9219177937941436,0.09223976718797673,15.314915937609271
8,1,6,0,0,0,0,B,1,10,0,0,0,0,0,0,0,0,0,0,0,0,0.8632605427147035,0.25668875439749617,21.451318497647524
113,2,3,14,0,0,0,A,4,6,D,4,10,0,0,0,0,0,0,0,0,0,0.9210029241977511,0.0689760076902152,18.78900052916453
29,3,15,12,12,0,0,B,4,2,D,1,9,A,2,12,0,0,0,0,0,0,0.9136390772717701,0.08858691075499699,19.865263335774856
62,2,13,15,0,0,0,A,3,1,D,2,11,0,0,0,0,0,0,0,0,0,0.7484161454161826,0.21898455396197633,16.17008998852001
35,2,2,16,0,0,0,B,1,12,C,3,5,0,0,0,0,0,0,0,0,0,0.7365112433111433,0.24488687426429082,19.900118132521655
71,3,13,9,1,0,0,B,1,12,C,1,11,A,3,3,0,0,0,0,0,0,0.8184403673751465,0.2949156737872184,17.37485756522151
36,2,13,10,0,0,0,C,3,12,C,1,12,0,0,0,0,0,0,0,0,0,0.7936740033046503,0.19204319709010964,15.72481453195766
57,4,3,7,14,3,0,B,2,5,D,1,10,B,1,11,B,4,4,0,0,0,0.924519740809673,0.026240739201515623,17.624209041931856
95,2,1,2,0,0,0,A,1,6,B,4,4,0,0,0,0,0,0,0,0,0,0.910737964437779,0.07058812476395025,16.981386438273923
17,3,13,15,9,0,0,B,1,11,A,4,11,B,4,3,0,0,0,0,0,0,0.9479314179947385,0.07327322582619028,19.42806989603573
116,4,7,16,16,7,0,D,4,5,A,3,2,B,3,7,A,1,5,0,0,0,0.9127315749016784,0.08793595875356809,16.602390881408567
78,1,2,0,0,0,0,A,1,6,0,0,0,0,0,0,0,0,0,0,0,0,0.6960763266883442,0.1845229274786891,15.069458097570093
116,2,12,7,0,0,0,D,2,5,B,3,3,0,0,0,0,0,0,0,0,0,0.7647570935487487,0.28038597368302787,16.363253781459452
111,2,2,16,0,0,0,B,3,11,C,1,3,0,0,0,0,0,0,0,0,0,0.7890495512599,0.16185668749111162,21.362795159535324
66,3,5,4,5,0,0,C,1,9,C,3,6,A,4,2,0,0,0,0,0,0,0.9413292822149525,0.08312716385479445,17.371575378753008
47,4,11,14,6,4,0,D,2,9,C,1,2,B,1,10,C,3,11,0,0,0,0.948857151252391,0.058869804211802934,15.856154147759046
67,4,5,4,12,8,0,C,1,12,C,3,8,A,1,2,D,4,3,0,0,0,0.9158086478464073,0.0395468193480532,15.460674826924533
38,4,3,5,8,10,0,D,1,4,D,3,6,B,2,9,D,1,3,0,0,0,0.945428473025968,0.07666952536121326,14.12151546511989
78,5,14,5,16,14,15,C,3,5,B,3,12,A,4,6,D,3,9,C,3,3,0.929180454943454,0.0335587955825153,16.65554209366904
76,2,5,14,0,0,0,C,1,8,D,1,3,0,0,0,0,0,0,0,0,0,0.7686902063281913,0.2451657096355692,20.15623872451978
34,3,16,9,13,0,0,C,4,5,C,1,1,D,1,2,0,0,0,0,0,0,0.9072539011316778,0.07933963852205138,18.138147829528723
20,5,12,9,13,13,10,B,2,8,B,2,8,B,2,8,A,4,8,A,4,12,0.9130935198731335,0.09356092494190024,15.821999073165433
63,5,11,6,14,10,12,D,4,7,D,1,12,C,4,5,B,1,7,D,1,9,0.9265092851175415,0.07780536153298166,16.439587728889396
32,1,3,0,0,0,0,D,3,3,0,0,0,0,0,0,0,0,0,0,0,0,0.6719052070995668,0.19365318501951279,18.444757863248846
108,3,2,14,12,0,0,B,4,12,D,4,11,A,2,4,0,0,0,0,0,0,0.9031749623799962,0.09355490587718704,17.512201315039015
40,5,5,2,10,10,15,A,4,8,B,3,1,D,4,1,A,3,2,C,1,6,0.9225212588777884,0.07593898285292056,14.30443843840463
94,1,15,0,0,0,0,C,1,1,0,0,0,0,0,0,0,0,0,0,0,0,0.8742014869547285,0.18111292529792114,20.855115852883714
80,5,3,12,13,9,8,B,4,1,D,3,4,A,1,2,C,4,10,C,2,2,0.9061945191558265,0.026973719803782565,17.805489923730786
22,2,10,3,0,0,0,C,2,3,D,1,2,0,0,0,0,0,0,0,0,0,0.881213370141619,0.15597877573402624,16.33755490456152
56,1,5,0,0,0,0,D,1,12,0,0,0,0,0,0,0,0,0,0,0,0,0.654376763876479,0.259144157404654,15.85288891199007
104,4,2,12,16,12,0,A,3,12,C,2,4,A,1,5,B,2,11,0,0,0,0.923346713576059,0.06059465468520413,14.183284813514208
10,1,14,0,0,0,0,C,4,6,0,0,0,0,0,0,0,0,0,0,0,0,0.9105011177231601,0.06333223931086006,16.307522164491683
110,5,2,12,3,16,10,D,3,10,A,3,2,A,3,9,D,2,9,A,3,1,0.9348470076391375,0.04504887680015718,16.696341040007184
47,5,5,16,15,3,4,B,2,1,B,2,7,D,3,4,A,1,2,A,2,4,0.9481777658296231,0.05668536565585887,18.775734428236362
58,3,11,6,6,0,0,D,2,3,D,1,3,C,1,6,0,0,0,0,0,0,0.6856445962303683,0.1489573287828596,21.954076077722377
55,2,7,6,0,0,0,B,4,2,A,3,11,0,0,0,0,0,0,0,0,0,0.9365573676759359,0.04692013808898528,17.806567547029584
108,1,10,0,0,0,0,A,2,11,0,0,0,0,0,0,0,0,0,0,0,0,0.7899775173494443,0.2342920976603932,18.780658215875803
100,3,11,15,3,0,0,D,3,3,A,3,5,B,4,11,0,0,0,0,0,0,0.909714259741664,0.029022432940920977,17.237216762816903
61,1,2,0,0,0,0,D,4,5,0,0,0,0,0,0,0,0,0,0,0,0,0.9025573437881286,0.06779998012167761,19.806424850143564
59,1,3,0,0,0,0,A,4,12,0,0,0,0,0,0,0,0,0,0,0,0,0.9051799335047371,0.08382394808109299,19.26568975936976
8,1,6,0,0,0,0,B,3,7,0,0,0,0,0,0,0,0,0,0,0,0,0.7233896401830007,0.2574921960518479,16.146348873693892
44,3,13,2,12,0,0,B,1,11,B,2,12,C,1,12,0,0,0,0,0,0,0.7137806384257682,0.28141900090105954,17.339778456815818
79,1,4,0,0,0,0,C,3,9,0,0,0,0,0,0,0,0,0,0,0,0,0.7905993829942906,0.22871764779982467,17.737315358749584
101,4,13,16,13,2,0,D,3,6,B,2,1,D,3,12,C,2,7,0,0,0,0.9350531222319884,0.07703093556946945,14.845196338809684
33,4,5,4,14,6,0,C,4,7,B,3,3,A,2,10,D,4,12,0,0,0,0.9142796883989045,0.024010015085951047,17.868568737047678
101,2,2,5,0,0,0,A,2,10,C,2,12,0,0,0,0,0,0,0,0,0,0.8565654500767477,0.10872162135406956,20.81655555627368
68,1,2,0,0,0,0,D,1,6,0,0,0,0,0,0,0,0,0,0,0,0,0.7343009728559691,0.11406970027270524,21.46395495269606
34,2,4,9,0,0,0,C,4,4,A,4,12,0,0,0,0,0,0,0,0,0,0.9217787127264413,0.07835098841572481,14.32179430541055
85,4,1,2,14,16,0,D,2,8,B,2,10,B,1,1,B,4,11,0,0,0,0.9038748280729765,0.02675193127926324,14.693730411627081
123,4,15,16,11,2,0,D,4,10,B,1,5,D,1,9,B,4,8,0,0,0,0.9051228042835632,0.07640692786523044,14.827792923235691
54,4,8,1,12,7,0,B,1,7,A,1,11,A,1,1,D,2,10,0,0,0,0.9076710827819637,0.0655104092960731,15.711548580114584
16,3,6,14,12,0,0,A,1,5,C,3,7,B,4,11,0,0,0,0,0,0,0.9370897256290961,0.08932443126987699,15.927520008322125
95,4,10,2,2,4,0,B,1,8,A,2,12,A,2,11,B,3,11,0,0,0,0.9147287554244048,0.047851843559944846,18.832018453596486
68,1,6,0,0,0,0,D,1,8,0,0,0,0,0,0,0,0,0,0,0,0,0.8013099300083031,0.20597610829084162,19.409589548818932
90,4,3,16,3,9,0,B,1,12,A,3,3,D,1,11,C,1,8,0,0,0,0.9157090211236221,0.08501038634260101,17.011805379136636
74,1,3,0,0,0,0,D,3,4,0,0,0,0,0,0,0,0,0,0,0,0,0.6680654654012036,0.27014229797399614,15.21419218524746
51,5,9,11,12,5,8,C,2,9,A,3,5,C,3,3,B,4,7,B,3,12,0.93981852381757,0.04887745994660231,17.375938028094417
80,4,4,1,2,15,0,D,1,10,D,2,5,B,1,8,D,3,10,0,0,0,0.9262730689656605,0.03276476927217483,17.50924779105201
120,3,8,2,12,0,0,B,3,10,B,1,2,B,2,1,0,0,0,0,0,0,0.8475357496012866,0.25532614498760575,19.903195706399934
108,2,4,6,0,0,0,C,1,2,D,2,2,0,0,0,0,0,0,0,0,0,0.6986974439303878,0.25174447497309094,19.516508161838367
34,3,7,15,1,0,0,B,1,12,C,3,7,D,4,1,0,0,0,0,0,0,0.9237495420212375,0.07482933304064689,14.37554009570141
14,1,12,0,0,0,0,A,3,11,0,0,0,0,0,0,0,0,0,0,0,0,0.8279492801632932,0.26212758765964117,20.91581922221707
58,5,16,9,12,12,9,D,4,7,C,4,6,D,4,1,C,1,8,D,3,12,0.9308219828219345,0.04434670306180481,16.869400521747885
20,1,4,0,0,0,0,B,4,6,0,0,0,0,0,0,0,0,0,0,0,0,0.9271465091025491,0.09417691074419123,16.839004303332455
100,5,12,10,3,5,7,B,2,3,B,4,2,D,1,4,C,1,6,C,1,11,0.9149864784495481,0.0766415996929871,16.486342225278378
37,3,15,9,2,0,0,B,3,7,A,3,6,D,2,3,0,0,0,0,0,0,0.8504734161785186,0.15943857551793264,18.45041246896532
126,5,1,8,15,3,7,B,4,2,C,2,6,D,1,7,B,2,4,D,1,5,0.9276997280484724,0.036193815326228514,17.89145822047948
101,5,15,8,7,4,3,A,2,4,D,4,3,C,4,4,D,4,6,D,4,10,0.9192719716405581,0.08416089125654284,15.874051651081796
10,3,11,4,10,0,0,B,2,8,D,2,2,B,1,10,0,0,0,0,0,0,0.6832530555538393,0.11706956542050595,18.39546751989869
96,1,5,0,0,0,0,A,2,7,0,0,0,0,0,0,0,0,0,0,0,0,0.8325369600691606,0.10400229233232104,19.752256762063894
17,1,2,0,0,0,0,B,3,11,0,0,0,0,0,0,0,0,0,0,0,0,0.6963342503399738,0.24440948662868553,18.564131413091882
107,5,5,8,7,8,14,C,1,6,C,2,7,A,1,9,C,3,10,C,1,11,0.9097384104378059,0.04009017151633508,19.361574978625868
39,2,12,5,0,0,0,A,3,11,A,4,1,0,0,0,0,0,0,0,0,0,0.9311858839500846,0.06411229650348019,16.988005610446454
24,3,10,15,8,0,0,A,3,11,B,3,7,C,2,1,0,0,0,0,0,0,0.7708671565744079,0.12321247952465451,15.580871275263624
45,4,6,8,14,16,0,D,1,4,B,2,10,C,2,5,B,3,6,0,0,0,0.9416712146474808,0.07390420521704213,16.733491756319076
46,3,15,15,15,0,0,C,4,1,D,2,4,B,4,10,0,0,0,0,0,0,0.9147611532217612,0.03333345847443085,17.710794226610474
104,5,7,6,15,9,7,A,2,11,A,2,7,A,2,12,A,1,1,A,1,2,0.9119355161692411,0.0844154654849537,18.896194076241354
80,2,2,1,0,0,0,B,4,2,D,3,7,0,0,0,0,0,0,0,0,0,0.9397793437292848,0.051541300699634834,16.239229304023215
11,3,2,9,10,0,0,D,3,6,D,1,6,B,4,1,0,0,0,0,0,0,0.906162215755665,0.03605107919804808,16.819304652160575
62,4,15,12,3,14,0,C,3,1,A,1,12,D,1,3,A,1,8,0,0,0,0.9274355435206034,0.03573334793498413,16.98187611303531
95,3,7,7,2,0,0,B,2,7,D,4,4,B,1,1,0,0,0,0,0,0,0.9148393721176089,0.08919316848506814,17.233845324808808
45,5,10,7,6,10,11,A,1,2,C,2,8,B,4,3,A,2,11,B,4,6,0.9190607711858597,0.09725600176139983,18.60414144300282
76,4,6,5,7,12,0,C,4,12,B,4,5,A,4,2,D,3,10,0,0,0,0.9373526732766289,0.04840326247829679,15.98298666200245
25,5,3,13,6,12,4,C,2,9,D,3,3,D,1,8,B,1,6,B,4,4,0.9325442782692938,0.04498020172894912,19.517876240337813
114,1,9,0,0,0,0,B,2,11,0,0,0,0,0,0,0,0,0,0,0,0,0.6632394926934544,0.27009034295237755,19.38867603077305
27,4,1,8,11,5,0,A,3,12,D,1,12,A,1,12,B,2,11,0,0,0,0.9459614891204938,0.08777370770910613,17.331508112860835
102,3,12,16,3,0,0,C,2,4,B,3,12,B,3,1,0,0,0,0,0,0,0.7256784448540808,0.24942924577619874,21.95778546248827
114,2,1,3,0,0,0,C,4,7,C,2,2,0,0,0,0,0,0,0,0,0,0.9210721708806668,0.03490876195277397,17.93845022109467
74,2,10,7,0,0,0,D,4,1,D,3,9,0,0,0,0,0,0,0,0,0,0.9049303807995526,0.05501119386843385,14.0774718592948
77,2,11,7,0,0,0,A,3,2,D,2,12,0,0,0,0,0,0,0,0,0,0.7503780663557773,0.17676271128621066,21.198400865329113
113,2,13,14,0,0,0,B,1,11,A,3,9,0,0,0,0,0,0,0,0,0,0.7344080347340387,0.26548530142831583,16.65648484137206
49,3,8,1,10,0,0,C,3,3,B,2,4,A,3,1,0,0,0,0,0,0,0.8812975551443057,0.13934371581804544,21.147288107417534
50,3,15,14,11,0,0,B,3,7,D,1,1,A,3,2,0,0,0,0,0,0,0.8708963398637047,0.21225747180131443,21.48772661638923
119,3,4,15,16,0,0,A,2,8,B,4,10,B,4,1,0,0,0,0,0,0,0.9404370288310411,0.055449509982844175,18.2703433101138
95,3,5,11,15,0,0,B,3,2,C,3,11,C,2,8,0,0,0,0,0,0,0.7428266461322077,0.14550042873746077,20.093987039426445
35,1,14,0,0,0,0,C,3,9,0,0,0,0,0,0,0,0,0,0,0,0,0.7009005218526201,0.2937143673861474,20.348916367389183
99,5,13,9,13,10,3,A,3,10,B,4,8,A,4,9,A,3,6,B,1,3,0.9282298027984913,0.05328754682215775,18.313564180949797
31,5,3,15,12,11,13,C,3,5,B,2,10,D,4,1,D,2,12,C,3,1,0.9319778208868644,0.07382872051719823,14.582678624177086
66,1,14,0,0,0,0,C,1,11,0,0,0,0,0,0,0,0,0,0,0,0,0.6767438237516977,0.14637396859847962,16.58330557788336
63,4,15,1,5,9,0,C,1,11,C,3,4,B,1,10,B,2,8,0,0,0,0.9496748729294968,0.07687179900689292,15.384561284526807
75,5,15,1,5,10,7,A,2,1,D,3,2,B,4,11,B,4,4,D,1,4,0.9140931145588472,0.03341723262339901,14.33544185333061
117,1,15,0,0,0,0,A,2,5,0,0,0,0,0,0,0,0,0,0,0,0,0.7929834206311467,0.15072240407048737,18.869733455471785
64,5,5,16,16,13,12,C,3,12,D,3,11,B,1,3,D,4,2,B,1,8,0.9209369050636507,0.06600524455966865,16.606364799608627
51,5,6,2,11,2,16,B,4,8,A,4,8,D,3,3,B,4,11,C,1,12,0.9100091528988604,0.06613763472443121,18.763854533603013
43,2,5,13,0,0,0,D,4,4,B,3,5,0,0,0,0,0,0,0,0,0,0.9442586700525889,0.027037035347252453,15.863181246649496
111,4,2,10,13,7,0,D,4,3,B,4,4,A,3,6,D,1,3,0,0,0,0.927895670087139,0.03936588073908634,14.577314363651874
66,3,9,14,16,0,0,D,2,11,C,1,2,D,4,1,0,0,0,0,0,0,0.9038048815915752,0.057007631642156026,19.086409631908047
97,3,1,16,2,0,0,D,1,1,D,1,7,A,2,4,0,0,0,0,0,0,0.8717883838659264,0.16968150440574534,16.06388879916731
107,5,5,4,7,6,11,D,2,11,C,3,1,A,1,3,B,3,5,A,1,6,0.9095560065848858,0.06324126209563498,15.9754714157574
124,2,10,4,0,0,0,C,3,2,B,3,5,0,0,0,0,0,0,0,0,0,0.8075691787202212,0.25692305790737746,16.99216145450953
37,5,15,13,9,13,9,D,3,1,A,3,12,C,4,12,B,4,8,D,4,9,0.9479037640075085,0.024947948019431135,14.546674481226693
24,3,10,15,13,0,0,B,1,9,C,4,6,B,4,12,0,0,0,0,0,0,0.915260256529983,0.07021866455810784,14.519271813381934
113,1,9,0,0,0,0,C,4,2,0,0,0,0,0,0,0,0,0,0,0,0,0.9169242932692392,0.05116874114995408,14.045081436708355
99,3,10,5,3,0,0,C,1,9,D,1,11,B,3,11,0,0,0,0,0,0,0.8211329350632286,0.18089659128046215,16.96316092551422
51,1,12,0,0,0,0,B,4,7,0,0,0,0,0,0,0,0,0,0,0,0,0.9430674240989225,0.07273934113933742,19.55123064528615
58,5,11,12,14,3,13,C,2,2,B,3,9,C,3,7,D,2,5,C,1,6,0.9247165466336515,0.026859518573672282,19.187443206355155
79,4,9,9,16,14,0,B,3,8,A,2,3,C,2,12,B,2,10,0,0,0,0.9216256904326873,0.02061375893938334,16.996359247383893
38,5,13,15,6,5,8,C,4,10,C,1,2,D,1,4,C,1,1,D,1,2,0.9138297788527032,0.043227144325089145,15.374052944279558
9,1,13,0,0,0,0,B,1,9,0,0,0,0,0,0,0,0,0,0,0,0,0.7462139315462508,0.1445409129589479,18.227048990907818
63,2,8,6,0,0,0,B,4,3,A,2,1,0,0,0,0,0,0,0,0,0,0.920531934672592,0.07347002163096933,15.238529730254303
74,3,10,16,10,0,0,D,3,9,D,4,12,B,3,2,0,0,0,0,0,0,0.9480449661967865,0.08569841459064483,15.80260584297773
83,3,3,2,10,0,0,D,3,9,A,2,7,B,2,10,0,0,0,0,0,0,0.6805864562758711,0.29215207584206176,18.29045627692423
90,1,6,0,0,0,0,A,4,10,0,0,0,0,0,0,0,0,0,0,0,0,0.9218991442109481,0.04960692505262576,15.813349899055469
77,1,14,0,0,0,0,D,3,3,0,0,0,0,0,0,0,0,0,0,0,0,0.6578322800007186,0.1723905656166972,16.69934668208049
10,1,2,0,0,0,0,B,1,3,0,0,0,0,0,0,0,0,0,0,0,0,0.8111117534538718,0.26963417835844505,19.7548695125498
93,4,6,16,7,4,0,B,3,2,C,1,7,C,4,1,C,1,4,0,0,0,0.9206133939740759,0.02270253172308694,16.43708518276841
123,1,3,0,0,0,0,A,4,9,0,0,0,0,0,0,0,0,0,0,0,0,0.9306012839582352,0.07656635745414668,15.217200112215092
29,3,6,8,7,0,0,B,2,6,C,2,8,B,4,12,0,0,0,0,0,0,0.9349117313822738,0.09319233294149401,19.77926743788724
73,1,2,0,0,0,0,D,3,5,0,0,0,0,0,0,0,0,0,0,0,0,0.7709415926468004,0.2660885114581553,17.213048816513258
123,5,3,15,5,14,6,A,4,10,B,1,11,C,2,3,D,4,10,D,4,3,0.9222283173911848,0.0562985275160659,19.21869017119794
106,5,6,16,6,9,14,D,2,9,C,3,11,B,3,6,A,1,5,B,4,12,0.9075853974631796,0.07189065696947473,15.42733069470384
41,1,14,0,0,0,0,C,3,10,0,0,0,0,0,0,0,0,0,0,0,0,0.6956692742060685,0.10930973071189952,19.418919762421126
57,3,13,3,5,0,0,C,4,5,C,4,9,B,4,7,0,0,0,0,0,0,0.9420566875871546,0.06745257138777445,19.1517355929701
46,4,7,12,13,11,0,C,4,2,A,4,12,C,3,1,B,2,11,0,0,0,0.937463139638323,0.0671982537777579,15.720388649982123
95,5,12,12,14,12,10,B,3,5,D,4,1,C,3,2,A,3,12,A,4,2,0.918974815382568,0.06988231655662537,17.781948088029715
32,2,16,3,0,0,0,D,4,6,C,3,6,0,0,0,0,0,0,0,0,0,0.9083317255143544,0.058129060117570144,16.610358803323315
107,1,10,0,0,0,0,B,2,7,0,0,0,0,0,0,0,0,0,0,0,0,0.795852410254537,0.11514929972149451,21.51120161690519
124,5,10,5,8,16,1,B,4,4,C,1,4,B,3,11,B,3,6,B,1,6,0.9153808008895257,0.08377066401354527,19.730644233929294
108,3,11,10,2,0,0,D,2,10,D,4,2,C,3,1,0,0,0,0,0,0,0.921219072725325,0.034391367412241886,18.841080670656332
108,4,16,9,8,14,0,C,4,6,C,3,11,B,4,4,A,4,4,0,0,0,0.9481380171260618,0.08194184255118225,18.97247849222526
9,1,11,0,0,0,0,B,3,8,0,0,0,0,0,0,0,0,0,0,0,0,0.7483620466741685,0.14966567347207332,19.883289752745103
66,3,5,13,14,0,0,D,3,11,C,3,2,B,4,10,0,0,0,0,0,0,0.9427704326943124,0.036940023028705984,14.752566107359703
84,2,15,9,0,0,0,B,3,4,B,4,2,0,0,0,0,0,0,0,0,0,0.943259900673281,0.0946757714321882,16.698428422363556
89,1,8,0,0,0,0,A,3,6,0,0,0,0,0,0,0,0,0,0,0,0,0.7020677287288107,0.17277520453076955,19.960861659017393
74,4,7,14,9,4,0,D,1,8,C,4,3,B,4,7,C,1,8,0,0,0,0.9150402691234051,0.08765023974267908,17.530612902601824
74,5,1,11,8,2,14,B,4,8,D,2,2,B,1,4,D,4,4,D,1,3,0.9381503646548074,0.057741606009419216,19.30557749086184
68,2,13,14,0,0,0,D,3,10,D,2,5,0,0,0,0,0,0,0,0,0,0.7816606282717746,0.26535536133689896,16.853245586828603
69,4,9,16,4,5,0,D,4,6,C,3,9,D,1,8,D,1,6,0,0,0,0.9304729010548948,0.05479805212091335,19.381077524743176
11,5,2,12,6,8,9,A,1,5,B,4,12,D,1,3,C,3,1,D,1,7,0.9482666939234412,0.09464768014612103,17.31548105580314
61,3,11,7,16,0,0,B,1,5,A,1,1,C,2,1,0,0,0,0,0,0,0.8122595273422368,0.10987481462576039,20.084908376682478
53,4,4,7,7,4,0,A,3,7,C,3,10,A,3,2,C,2,1,0,0,0,0.9284524086026978,0.08650014960747336,18.031814368060843
52,3,12,4,2,0,0,A,4,8,D,2,11,A,1,11,0,0,0,0,0,0,0.9134455044151054,0.050514284814185434,18.999615015324643
100,1,2,0,0,0,0,A,4,7,0,0,0,0,0,0,0,0,0,0,0,0,0.9078113822230504,0.06033208820098586,19.47611267878066
41,4,4,11,12,7,0,B,1,8,B,3,12,B,3,2,D,3,4,0,0,0,0.90642512739164,0.03370902263747552,17.552359238520232
37,1,16,0,0,0,0,B,3,9,0,0,0,0,0,0,0,0,0,0,0,0,0.8504886743034109,0.1229856446957012,21.280115834920736
73,5,12,7,2,5,4,C,1,10,A,1,1,A,2,4,C,3,6,A,4,5,0.9392474300678929,0.09891126972915744,14.205823335420313
59,5,2,14,13,12,1,C,1,6,A,3,5,B,1,7,C,2,12,B,1,8,0.9182062513908194,0.08828669571942505,16.716278304886522
40,2,5,1,0,0,0,B,4,5,B,2,3,0,0,0,0,0,0,0,0,0,0.9194023615230037,0.031068329759034466,14.265876475687351
55,3,10,10,4,0,0,B,2,1,D,4,8,A,2,6,0,0,0,0,0,0,0.933266575601292,0.023591677880196445,19.846828002784935
39,3,12,11,1,0,0,B,2,5,B,4,2,D,2,11,0,0,0,0,0,0,0.945361940229984,0.09194449556216536,15.058517183829691
54,4,11,3,3,7,0,B,2,2,D,3,6,D,1,5,D,1,12,0,0,0,0.949165661465042,0.09538376030444522,18.25249293901202
108,1,4,0,0,0,0,B,1,8,0,0,0,0,0,0,0,0,0,0,0,0,0.7334223022601764,0.21561548474363162,16.009973344337535
48,5,4,8,13,12,9,A,3,12,D,1,12,A,3,1,A,1,1,D,4,4,0.9231212549356865,0.0702222846407085,18.293568910064536
105,2,5,14,0,0,0,D,3,2,D,2,1,0,0,0,0,0,0,0,0,0,0.6578657266111041,0.1887215451845717,17.843773695580904
11,2,11,16,0,0,0,D,2,5,B,3,7,0,0,0,0,0,0,0,0,0,0.8178779647399674,0.14049340453214698,16.38839201682666
57,5,11,2,16,15,13,C,3,11,B,1,5,C,3,11,B,2,5,A,4,10,0.9098981937504949,0.024064862009589377,16.718796014687467
123,5,3,13,9,1,15,B,4,11,D,3,11,B,4,6,B,3,10,A,2,5,0.9476620976984663,0.056187479530495826,19.47223057176336
50,5,6,9,15,6,15,D,1,9,B,3,5,A,2,5,D,4,3,C,4,9,0.9359586415884164,0.08255518761826271,14.557098349382759
97,3,3,13,2,0,0,C,2,7,C,2,10,A,3,11,0,0,0,0,0,0,0.8438718048376266,0.26668364295955044,20.40172219643147
76,4,4,13,9,16,0,A,3,10,B,1,3,B,3,4,A,2,3,0,0,0,0.9351286240524039,0.07553166910172465,19.881598851363428
52,5,3,10,3,13,15,A,4,12,D,2,2,D,2,6,B,4,9,A,1,2,0.9117847341842382,0.09436989852218791,16.941861557939916
68,3,14,5,10,0,0,A,4,7,A,4,9,B,3,8,0,0,0,0,0,0,0.9215031751491441,0.06316003000703897,19.497662489982844
109,4,3,9,7,8,0,C,1,10,A,2,5,D,2,12,D,2,3,0,0,0,0.9418783709042462,0.03936215798165921,15.112276041720929
101,3,3,2,7,0,0,D,1,3,C,2,7,A,2,8,0,0,0,0,0,0,0.8565462943544028,0.2424381784493531,15.413217228868225
82,1,3,0,0,0,0,A,4,1,0,0,0,0,0,0,0,0,0,0,0,0,0.9282984970792604,0.048336836313302864,15.274695027811752
80,4,11,7,4,1,0,D,1,4,A,4,4,C,1,10,D,4,11,0,0,0,0.9033288746350221,0.054596715885300184,17.26472179142484
10,1,11,0,0,0,0,A,1,9,0,0,0,0,0,0,0,0,0,0,0,0,0.7023678793542817,0.16665075719161218,19.624242849523423
45,3,16,11,9,0,0,C,3,3,B,2,12,C,1,9,0,0,0,0,0,0,0.8163582106735282,0.12432191252732448,19.353591541408328
43,3,7,2,5,0,0,B,2,12,A,3,7,B,1,11,0,0,0,0,0,0,0.7454218870258117,0.17258648488531628,21.673367645701262
23,1,12,0,0,0,0,B,2,5,0,0,0,0,0,0,0,0,0,0,0,0,0.6820370576209716,0.14426676027247426,16.98461989443004
82,5,9,4,1,13,14,A,2,9,A,3,10,D,1,1,A,3,7,A,4,6,0.9369028405779277,0.05151844342123284,15.670418411173179
32,4,7,1,13,3,0,C,3,10,D,3,5,D,1,3,A,2,2,0,0,0,0.9226241047102499,0.04755007926201697,19.003995263011703
54,5,3,11,14,9,4,C,1,4,B,1,4,C,2,12,D,4,4,A,1,1,0.9455150190685675,0.07686346313252655,16.68238696747418
59,2,14,7,0,0,0,B,1,2,B,4,2,0,0,0,0,0,0,0,0,0,0.9145423377631295,0.05355638836891782,17.804347793095165
81,1,8,0,0,0,0,B,2,11,0,0,0,0,0,0,0,0,0,0,0,0,0.8532414740988281,0.13998400020404997,21.628006252073597
60,1,14,0,0,0,0,D,2,10,0,0,0,0,0,0,0,0,0,0,0,0,0.718584228037671,0.12200573830066691,17.601226374023305
74,2,16,2,0,0,0,B,2,8,A,4,8,0,0,0,0,0,0,0,0,0,0.9016284525444233,0.08164050023627148,18.47508798942293
19,2,3,9,0,0,0,B,4,4,C,2,10,0,0,0,0,0,0,0,0,0,0.947538357682052,0.08214115455075428,17.19003978870127
70,3,9,11,3,0,0,D,4,1,B,3,11,D,1,7,0,0,0,0,0,0,0.9225471464965319,0.08509607174029471,18.706347394336937
103,2,1,15,0,0,0,D,4,8,D,3,2,0,0,0,0,0,0,0,0,0,0.9216968539545877,0.08698188208939774,19.179941631180387
104,5,9,9,8,3,14,D,3,12,B,3,8,C,3,10,D,3,6,D,2,3,0.9306426024697598,0.07900565334300984,18.814452073390758
69,1,4,0,0,0,0,B,1,9,0,0,0,0,0,0,0,0,0,0,0,0,0.7408405663274455,0.22054723734165932,21.66169286908683
41,2,5,5,0,0,0,A,1,5,C,4,1,0,0,0,0,0,0,0,0,0,0.9268429716755148,0.04950367228437359,19.68879748846812
40,4,3,5,14,7,0,B,2,11,A,2,11,D,4,10,B,1,12,0,0,0,0.9258016385401725,0.07140514563417934,17.798016396861122
74,5,1,15,3,14,6,C,1,4,B,4,5,B,1,11,C,3,12,A,1,6,0.9103884797543361,0.04295046728975838,15.796561208467699
47,5,16,1,6,2,14,C,3,5,A,2,1,C,3,11,A,4,7,B,1,3,0.9317153848215697,0.0669566702783008,14.870949529587483
22,4,12,6,11,6,0,C,1,4,D,3,1,C,2,8,B,1,7,0,0,0,0.9149059506792622,0.09835869151722637,17.544242934563083
43,1,16,0,0,0,0,D,3,4,0,0,0,0,0,0,0,0,0,0,0,0,0.8553757506866246,0.13516308403151775,17.87087096187621
125,2,14,14,0,0,0,B,2,4,A,2,11,0,0,0,0,0,0,0,0,0,0.8104745904168575,0.26560735312887285,15.087270463894942
76,3,10,16,9,0,0,C,3,11,C,3,6,A,3,7,0,0,0,0,0,0,0.6634005937958934,0.28975517077848695,21.761146177766012
101,5,4,2,9,14,8,C,4,10,D,2,12,A,1,8,C,2,11,C,3,1,0.9346108749750044,0.03000655668206772,19.742289597343916
118,4,10,14,16,5,0,B,3,2,D,3,4,C,3,10,C,2,4,0,0,0,0.9296844891405189,0.09708077715662358,18.02650603736874
114,2,8,16,0,0,0,C,1,1,D,1,8,0,0,0,0,0,0,0,0,0,0.82926388596854,0.16249079028919222,20.270654253766384
104,1,12,0,0,0,0,B,2,9,0,0,0,0,0,0,0,0,0,0,0,0,0.8783440970080372,0.27607639001140427,16.73345197709903
30,1,5,0,0,0,0,A,2,12,0,0,0,0,0,0,0,0,0,0,0,0,0.6980842993909722,0.2344971151857236,17.06965059740721
34,5,9,9,1,9,15,B,2,10,C,1,11,A,3,5,B,3,9,B,3,8,0.9200841175230657,0.08348190259165494,18.97994702989486
19,4,1,2,2,14,0,C,2,3,A,1,4,C,4,11,C,1,1,0,0,0,0.931117302293439,0.07381493002526221,19.77858241950819
87,3,4,15,8,0,0,A,4,2,A,4,4,C,2,10,0,0,0,0,0,0,0.9272495348873753,0.08928624531380441,15.67440751164292
110,5,5,11,15,5,14,B,2,9,D,4,4,D,2,11,B,2,10,D,1,7,0.9417306009001519,0.08004166452179377,16.414081634259414
106,5,5,11,14,10,3,A,2,8,A,3,11,D,1,2,C,3,7,D,1,9,0.9259624136442902,0.02978274061048703,18.5314772581732
127,3,12,7,3,0,0,D,3,7,D,1,7,B,3,3,0,0,0,0,0,0,0.6938300097989845,0.16586294498641624,21.67693265766214
26,3,16,7,13,0,0,B,1,11,C,4,12,B,4,3,0,0,0,0,0,0,0.9378720262811753,0.026194279871081055,19.02841381096376
128,5,8,4,10,1,6,A,1,8,B,1,10,A,1,9,A,2,7,A,3,3,0.9259721119332173,0.0859027345937159,17.363678899350248
95,2,5,13,0,0,0,B,1,10,A,2,6,0,0,0,0,0,0,0,0,0,0.7153952677741903,0.2031870263142438,18.360331302158734
98,3,15,8,7,0,0,C,2,9,B,3,9,B,1,6,0,0,0,0,0,0,0.6929036693494209,0.17495420253295485,21.284712090914965
84,2,16,11,0,0,0,D,1,1,D,3,7,0,0,0,0,0,0,0,0,0,0.8043761270560356,0.21506138135836878,17.690007939237304
54,2,16,16,0,0,0,A,2,11,A,1,1,0,0,0,0,0,0,0,0,0,0.8654650032961096,0.17816095635282492,19.71254217389016
49,3,16,8,2,0,0,B,2,9,C,4,1,A,2,10,0,0,0,0,0,0,0.9150353588643496,0.06519248281121978,16.709718691816445
16,4,3,7,1,2,0,C,2,9,D,4,2,B,4,6,A,4,11,0,0,0,0.9287566926600124,0.03814612482008494,15.047165212827041
21,5,13,7,3,6,13,D,2,9,A,2,9,A,2,1,C,1,9,B,3,9,0.9243925178277216,0.06681924302312676,14.45294102459485
57,2,11,7,0,0,0,D,2,4,D,4,2,0,0,0,0,0,0,0,0,0,0.9165278906765718,0.07531110579676474,18.420716180638244
97,4,12,7,9,5,0,D,4,12,D,3,11,B,2,8,A,4,1,0,0,0,0.9037450406914064,0.04797637615191189,18.51511166481359
85,4,16,15,16,10,0,B,4,11,A,3,2,B,4,5,B,4,2,0,0,0,0.9401809549772082,0.03315579797953363,17.26811325637836
121,4,8,3,12,5,0,D,2,6,B,1,11,A,3,12,C,2,10,0,0,0,0.9498032325247774,0.07471570452309263,15.710838755335152
33,2,13,5,0,0,0,A,3,9,D,3,10,0,0,0,0,0,0,0,0,0,0.7767945513032662,0.24205140150806714,15.32057872750777
22,1,10,0,0,0,0,C,2,9,0,0,0,0,0,0,0,0,0,0,0,0,0.6757222296983845,0.18459702923544616,18.506458061102123
109,5,3,12,14,15,11,A,1,5,B,3,8,B,4,6,C,4,12,B,1,12,0.9090832656083787,0.0733186654801131,19.570237891715124
14,5,16,12,11,7,10,D,4,4,A,1,8,C,2,10,D,2,1,D,3,8,0.9117942406037369,0.058893282432980074,15.3281964415784
43,5,14,6,11,9,10,C,1,7,B,2,8,D,1,11,D,3,8,D,4,8,0.90989649762492,0.0901780689582856,19.49880072310648
34,3,15,13,13,0,0,B,1,10,A,4,1,C,3,1,0,0,0,0,0,0,0.9248417073018338,0.02606083857343812,19.60737672174914
106,3,5,8,5,0,0,D,3,1,D,3,5,D,1,1,0,0,0,0,0,0,0.6761021549993492,0.22480448976574402,21.494198775547332
95,4,8,15,9,15,0,B,1,1,D,3,12,A,2,3,A,4,3,0,0,0,0.9094776736032737,0.04100062521332631,19.5799402170427
45,4,13,16,2,8,0,A,1,3,C,4,7,D,2,1,D,1,7,0,0,0,0.9076072299707584,0.030550275295399228,15.263597821456708
119,4,5,12,12,3,0,A,2,11,B,3,3,B,2,2,C,1,11,0,0,0,0.9403005367176747,0.037233809995497504,17.731678722350793
94,5,1,13,14,13,10,C,3,10,B,4,5,C,3,2,B,1,1,D,3,1,0.9236094219125571,0.022202485186132347,16.37342323130011
118,3,13,11,5,0,0,B,3,11,B,4,10,C,1,5,0,0,0,0,0,0,0.9211136282523552,0.06720657769654714,19.258608613304155
55,5,15,2,10,6,7,B,3,1,B,4,4,B,2,8,A,3,11,B,3,1,0.9169026658025209,0.04971949093249478,17.61283388471784
77,4,2,7,5,3,0,C,3,7,B,4,10,C,4,4,B,3,7,0,0,0,0.9036048240792789,0.09029284472929779,19.679665774744677
19,5,13,9,6,5,16,C,2,8,B,4,6,C,3,11,D,4,10,D,1,12,0.9345011211437794,0.04066874435792832,19.04577541879565
35,4,7,1,8,11,0,A,4,11,A,3,2,C,2,10,A,3,7,0,0,0,0.9137102040318179,0.06928704106165444,18.44018196946855
102,5,16,5,16,15,4,D,2,11,A,3,10,B,1,2,D,4,9,C,2,12,0.9360779628074444,0.04097273924982606,17.363772295157855
43,5,1,10,6,15,5,A,3,1,A,2,1,D,3,12,D,4,2,B,4,1,0.9304174718198974,0.055410008984958264,18.6068285548478
83,5,15,12,13,10,3,B,1,4,C,3,1,B,3,1,D,2,5,D,2,12,0.9014701637887043,0.07033452520171322,16.440129567856616
25,1,7,0,0,0,0,A,1,12,0,0,0,0,0,0,0,0,0,0,0,0,0.8293558386844856,0.23612387504202342,19.962544974420076
16,1,2,0,0,0,0,C,2,7,0,0,0,0,0,0,0,0,0,0,0,0,0.6655774621513781,0.25748668806776587,15.399354937846903
113,1,16,0,0,0,0,B,1,2,0,0,0,0,0,0,0,0,0,0,0,0,0.7719820556873498,0.22239189233614914,19.01016824218644
80,4,13,6,8,6,0,B,4,10,A,4,3,B,2,5,B,1,5,0,0,0,0.949611241990382,0.0329082261636672,17.738941843109483
114,4,6,16,16,13,0,A,3,10,A,4,3,C,1,5,C,2,3,0,0,0,0.9149219708893519,0.034858664022388866,15.295335372809262
9,5,16,7,11,8,4,B,2,12,A,4,3,D,2,10,C,1,3,A,1,12,0.9356494806950229,0.05196562180196487,14.942654518465543
55,4,9,6,13,3,0,C,1,7,B,3,1,B,1,11,B,1,6,0,0,0,0.9127116083939387,0.0985451275246224,18.64486166168428
110,4,16,9,13,7,0,D,3,12,A,1,12,D,1,4,B,2,3,0,0,0,0.9391163935861226,0.031343068625759064,15.429094320626488
85,3,13,8,2,0,0,B,2,10,C,2,6,B,3,5,0,0,0,0,0,0,0.7456095251059226,0.22825629830228336,16.92886859254811
58,4,16,7,4,4,0,D,1,6,D,3,8,A,4,4,C,4,2,0,0,0,0.913701673340413,0.032367285372905355,19.739259595168747
43,2,6,6,0,0,0,A,3,8,B,3,11,0,0,0,0,0,0,0,0,0,0.6961363764369243,0.2762420975628975,20.824008115907784
31,5,5,15,2,6,7,D,4,2,B,2,6,A,2,7,C,2,5,A,1,3,0.9248071275669127,0.02740895337010037,19.941246659069044
103,2,15,8,0,0,0,C,3,8,D,4,7,0,0,0,0,0,0,0,0,0,0.945905390527738,0.06695991714366366,14.94016549090758
24,2,15,1,0,0,0,B,4,9,D,1,4,0,0,0,0,0,0,0,0,0,0.9269167098720069,0.031560308567227024,17.48139538916006
48,3,9,7,6,0,0,C,3,2,C,2,9,D,4,4,0,0,0,0,0,0,0.9373446905638957,0.052009310936695724,16.768130785924143
115,2,4,4,0,0,0,D,2,2,B,2,4,0,0,0,0,0,0,0,0,0,0.8537264636439483,0.17398456664020176,20.4158254138931
121,3,3,9,5,0,0,C,4,11,C,4,11,C,3,2,0,0,0,0,0,0,0.9222721552731289,0.05279971269743469,14.118902228521366
27,4,7,3,14,1,0,D,1,3,D,3,12,A,2,11,C,1,12,0,0,0,0.9095816200588235,0.08443812906718713,18.220732030390458
29,3,4,7,6,0,0,D,3,9,D,4,1,B,3,3,0,0,0,0,0,0,0.9399027205270751,0.05457056950426824,16.964957261833952
53,4,7,14,3,1,0,C,4,9,B,1,9,D,3,5,A,4,10,0,0,0,0.9019864085090086,0.04744345236588479,18.563242127529666
12,1,1,0,0,0,0,B,1,7,0,0,0,0,0,0,0,0,0,0,0,0,0.7566869568685233,0.2557148848515092,15.641699794483682
51,1,7,0,0,0,0,A,3,9,0,0,0,0,0,0,0,0,0,0,0,0,0.6811744580975806,0.18955295650280357,16.58280770121287
60,5,8,2,16,2,5,A,2,12,A,1,11,A,4,6,C,2,10,C,2,10,0.9287208233832499,0.053874914686931785,19.571005644200042
37,3,12,13,13,0,0,B,4,1,C,2,2,A,4,12,0,0,0,0,0,0,0.9254012282207031,0.032232185374450106,19.782093591839846
111,2,6,9,0,0,0,D,1,10,D,2,10,0,0,0,0,0,0,0,0,0,0.6791259129315667,0.17905195374894745,21.69168229339126
117,4,15,15,15,6,0,B,3,12,A,2,11,D,3,3,D,2,2,0,0,0,0.9241080187984168,0.037592745078543516,18.33090840050371
59,2,14,10,0,0,0,A,3,9,C,2,1,0,0,0,0,0,0,0,0,0,0.7520445227374615,0.2937140330486958,20.671074266063716
113,5,5,14,15,2,4,A,1,2,D,1,3,D,4,9,C,3,12,D,1,6,0.9314903574257353,0.062095645133861524,18.93876493765847
105,4,6,15,11,15,0,A,2,12,D,3,11,B,3,5,A,1,1,0,0,0,0.9059563991854939,0.0699229116442166,16.330473470041127
29,3,15,16,13,0,0,A,1,12,D,4,6,D,3,3,0,0,0,0,0,0,0.9485575215158417,0.059319854462394184,19.97677370566267
126,5,14,3,9,7,10,D,3,10,D,2,8,D,3,1,B,4,9,A,2,4,0.9154864639973315,0.05691403036121022,14.149251686826823
40,1,13,0,0,0,0,C,3,10,0,0,0,0,0,0,0,0,0,0,0,0,0.6576050327834854,0.1742541580564122,16.045965008312947
94,3,7,5,11,0,0,C,1,10,A,1,4,B,1,9,0,0,0,0,0,0,0.7699158381148776,0.18088729553469435,16.842048915973116
80,2,1,12,0,0,0,A,4,8,D,1,4,0,0,0,0,0,0,0,0,0,0.9085387934733984,0.020142339948164383,16.804714267489228
38,2,11,14,0,0,0,D,2,9,D,1,2,0,0,0,0,0,0,0,0,0,0.8834466657404314,0.2961702165643391,17.355222010071426
98,5,2,8,3,6,11,D,3,1,D,2,1,C,3,3,A,1,9,B,2,11,0.9239734320867149,0.022670336761676728,14.12619611007974
76,2,9,10,0,0,0,D,2,11,D,1,7,0,0,0,0,0,0,0,0,0,0.8076611786738321,0.2866951577091228,17.812913131501503
8,5,5,6,11,1,2,D,2,9,C,4,6,C,4,12,C,3,12,A,4,5,0.9227867005545441,0.07145785502433613,17.176969977983624
34,2,9,5,0,0,0,B,1,5,A,2,12,0,0,0,0,0,0,0,0,0,0.7252953906693858,0.2145965551879102,21.44972264361961
69,2,6,14,0,0,0,D,3,9,D,1,2,0,0,0,0,0,0,0,0,0,0.7039619678945317,0.2932898260015735,19.448957485238903
12,4,11,10,5,7,0,B,2,1,A,3,9,A,3,2,A,4,6,0,0,0,0.9107761503491575,0.040438862875995414,14.731444151896714
10,4,9,1,7,14,0,B,2,9,B,1,8,B,1,8,A,4,8,0,0,0,0.9022477328796897,0.028461272885339808,16.441776009151713
104,5,3,3,15,2,16,D,4,1,B,4,6,A,3,4,D,2,8,B,3,1,0.9326999448721575,0.05540225065992223,16.13921467269777
128,3,6,3,16,0,0,C,3,5,B,4,5,C,1,9,0,0,0,0,0,0,0.9011081655998019,0.04958865551829876,17.94935641877358
16,1,2,0,0,0,0,D,3,3,0,0,0,0,0,0,0,0,0,0,0,0,0.7261559453683237,0.20406189605374556,17.547297849919968
45,3,4,9,14,0,0,A,3,9,D,3,10,B,4,2,0,0,0,0,0,0,0.9077788469358082,0.04141598022313996,19.91572535380508
35,2,15,5,0,0,0,D,1,2,B,3,4,0,0,0,0,0,0,0,0,0,0.6944811710108818,0.25130095991254,17.19378754398517
57,2,16,6,0,0,0,D,2,9,D,1,5,0,0,0,0,0,0,0,0,0,0.7545043960481767,0.2881103294501687,15.664773425546823
120,2,5,14,0,0,0,B,4,5,D,1,5,0,0,0,0,0,0,0,0,0,0.9120138418516217,0.08614189126409598,14.067923673124973
102,2,6,5,0,0,0,B,3,10,B,1,9,0,0,0,0,0,0,0,0,0,0.7533324709339569,0.10883971455412192,21.768981087983647
106,2,7,12,0,0,0,B,4,12,C,2,9,0,0,0,0,0,0,0,0,0,0.9043592819982679,0.05550886601290135,14.411162846501995
31,5,6,11,15,16,9,C,2,10,D,2,9,D,2,9,C,3,1,D,4,4,0.9311958808616824,0.07756475187729377,14.745311340637159
106,5,6,16,1,11,7,D,2,5,B,2,6,C,2,3,B,4,1,A,4,6,0.9135998756509687,0.05141402397968692,18.920192656559834
121,3,7,13,11,0,0,D,1,5,D,4,12,A,1,12,0,0,0,0,0,0,0.9476866796618957,0.08892326091144208,14.484276326734129
103,3,6,3,6,0,0,D,1,7,D,4,10,D,3,12,0,0,0,0,0,0,0.9413598793102269,0.09279244644576748,17.43414669366273
98,4,12,13,5,15,0,A,1,9,C,2,1,C,1,7,D,4,11,0,0,0,0.9227422709331672,0.07623802412377881,14.695717807304856
9,2,12,8,0,0,0,A,2,6,A,3,5,0,0,0,0,0,0,0,0,0,0.8523420775720633,0.23281060409290236,15.7949203906473
28,5,16,16,8,7,13,B,3,3,C,4,9,B,4,8,D,2,4,C,1,9,0.9280909371073888,0.09286609302069719,14.011154003220138
62,4,7,9,12,12,0,B,4,6,A,2,9,A,1,5,C,2,10,0,0,0,0.9159755784166297,0.06129618315232467,18.366307867870535
103,5,16,14,13,6,8,D,4,1,C,2,7,A,3,12,B,2,6,B,3,2,0.9059711553965238,0.03910294429308428,17.246877958477732
56,2,10,7,0,0,0,C,1,9,D,4,8,0,0,0,0,0,0,0,0,0,0.9128417469189417,0.06919952914143537,19.389332268219253
29,4,7,1,3,1,0,A,4,4,C,4,12,B,2,7,C,2,1,0,0,0,0.9375112452533704,0.03979769459592342,18.16836133819543
93,5,9,8,4,14,13,B,1,6,A,1,7,B,3,12,A,2,11,B,4,10,0.9128095590933472,0.05949243563208553,15.467927804206148
111,5,1,2,15,8,3,B,1,6,B,1,1,A,4,6,A,3,1,D,4,5,0.935732369609325,0.06627612302462701,14.519113373783163
22,4,1,9,11,13,0,C,1,9,D,2,8,D,4,4,B,2,12,0,0,0,0.948855346718057,0.08620940310631033,16.134565968180286
73,4,1,11,8,12,0,C,3,9,C,3,5,A,4,2,B,3,4,0,0,0,0.938353910513052,0.09967289320926319,18.921841232490873
119,1,10,0,0,0,0,C,4,4,0,0,0,0,0,0,0,0,0,0,0,0,0.9180342597431941,0.059203701926669766,17.321277044413915
113,5,11,4,15,9,10,A,2,6,D,2,11,D,2,2,D,2,1,B,2,3,0.915253469771147,0.028873257552716556,17.74627524159647
26,4,4,7,2,15,0,B,2,4,A,4,7,A,4,3,C,2,10,0,0,0,0.9230989588507722,0.08960779810656791,17.11631604746614
37,4,3,10,10,10,0,C,1,1,B,3,4,D,1,4,B,2,9,0,0,0,0.918654615068339,0.07759138724922368,17.113488225009647
39,5,3,9,4,13,9,A,4,3,A,3,10,A,2,6,A,3,7,B,3,2,0.9042301947322917,0.04510998293130984,19.204667189464672
76,2,5,2,0,0,0,A,4,3,A,3,12,0,0,0,0,0,0,0,0,0,0.9205785019506156,0.031106613142283007,19.304032166217247
54,4,9,5,4,11,0,A,1,2,A,3,10,D,1,4,A,2,4,0,0,0,0.9370083337917293,0.05121717029268478,15.683744547051385
58,2,13,2,0,0,0,C,3,11,D,4,1,0,0,0,0,0,0,0,0,0,0.9323879947203364,0.057834100114353,14.227382599118584
13,2,13,4,0,0,0,C,4,6,B,2,1,0,0,0,0,0,0,0,0,0,0.9204994760679154,0.02436490864430895,19.156407048756655
122,1,10,0,0,0,0,D,4,5,0,0,0,0,0,0,0,0,0,0,0,0,0.9125997243965501,0.04935264265578037,14.606586136910936
68,5,10,3,1,10,12,B,1,10,D,2,5,B,2,7,B,2,1,A,2,5,0.9090542377534853,0.060978526718181214,17.049019504453838
44,3,9,3,15,0,0,A,4,11,B,2,9,A,2,7,0,0,0,0,0,0,0.9420681059215996,0.039967057664304986,19.44569623835757
20,1,14,0,0,0,0,A,3,11,0,0,0,0,0,0,0,0,0,0,0,0,0.8850229123503499,0.13873686615603542,15.491976446818553
128,3,14,16,5,0,0,D,3,2,C,2,6,C,1,11,0,0,0,0,0,0,0.8743074709523905,0.17847493588882385,18.850427083194422
79,4,16,11,12,6,0,B,1,1,A,3,10,C,1,11,B,2,12,0,0,0,0.9031924640062308,0.03768405241990853,15.82617701232062
47,2,6,5,0,0,0,D,4,9,C,2,9,0,0,0,0,0,0,0,0,0,0.9263283237336379,0.04331238106088562,14.41897848212773
28,5,14,3,13,15,4,A,1,6,A,4,4,C,3,12,C,2,8,D,3,4,0.9036422711181222,0.09028023854123364,17.862804758657234
113,2,2,16,0,0,0,B,2,4,B,1,3,0,0,0,0,0,0,0,0,0,0.7674384891310332,0.17100422515380298,19.348341381588483
59,3,4,3,13,0,0,C,2,3,B,2,7,D,4,2,0,0,0,0,0,0,0.9190526997403716,0.023716124440224782,14.313667509946722
74,5,9,14,13,10,15,C,4,6,B,3,6,A,4,5,C,2,12,D,1,6,0.9000698370379077,0.02013962284066814,14.162089649644418
87,4,10,4,13,10,0,D,3,5,B,2,1,C,1,10,A,3,4,0,0,0,0.9403095750569648,0.07513646260583115,18.33366233318207
52,3,11,4,1,0,0,A,1,11,C,2,4,C,4,6,0,0,0,0,0,0,0.9237658422149092,0.024299971193583476,16.70115241714017
95,2,6,4,0,0,0,A,4,5,A,4,6,0,0,0,0,0,0,0,0,0,0.9330277194991986,0.0418021731953028,18.18406662810419
16,1,3,0,0,0,0,C,4,1,0,0,0,0,0,0,0,0,0,0,0,0,0.9151502086409793,0.0538896040497438,16.62142282042472
87,4,5,1,11,12,0,D,2,7,D,4,7,B,1,7,D,3,12,0,0,0,0.9097683153418863,0.07105610634437672,15.34300638030754
43,2,12,11,0,0,0,B,1,9,C,3,5,0,0,0,0,0,0,0,0,0,0.877366302852747,0.12812168759679002,18.667065085374706
113,3,4,16,5,0,0,B,3,10,A,3,5,C,3,11,0,0,0,0,0,0,0.8727989355827807,0.11357449702618208,16.33172065724452
118,3,3,7,8,0,0,A,3,8,A,1,4,B,4,4,0,0,0,0,0,0,0.9108351816892523,0.0656115494707953,16.987868824081207
114,3,6,13,7,0,0,B,2,3,C,2,3,D,4,5,0,0,0,0,0,0,0.931090691414981,0.06271119999966535,16.247260269261915
59,3,12,1,15,0,0,A,3,10,D,2,3,D,1,12,0,0,0,0,0,0,0.8151482995265947,0.2231549272533215,17.056142537103106
63,5,9,4,1,14,12,C,4,5,A,1,9,B,1,8,A,2,1,A,3,3,0.9153683574392444,0.05658781953056177,19.672671384549044
18,4,9,4,11,6,0,B,2,3,B,2,4,A,1,5,A,4,8,0,0,0,0.9384269468837659,0.08620752246933874,17.796570209600862
50,4,9,13,15,14,0,B,1,12,A,1,5,B,1,8,B,4,2,0,0,0,0.9035477100972964,0.0898222975978698,15.459323592799551
121,4,13,13,2,16,0,C,3,11,D,4,11,A,4,12,D,4,4,0,0,0,0.901353001042639,0.09380144395439949,16.79279779068038
65,3,6,16,1,0,0,A,2,10,B,3,6,D,2,6,0,0,0,0,0,0,0.7878497478837663,0.26277511096748124,16.442386219415212
41,4,7,10,12,12,0,C,2,3,B,3,4,B,4,9,A,2,5,0,0,0,0.9193640320712742,0.05839849279086255,17.53793344404061
84,3,11,11,16,0,0,A,1,1,A,2,11,A,3,9,0,0,0,0,0,0,0.7426446120983806,0.1250920922314574,16.287319195372024
121,4,3,4,4,1,0,C,1,3,A,3,12,B,1,12,D,2,6,0,0,0,0.9299136455939704,0.07814952604155885,17.15154695410481
77,4,8,11,2,14,0,B,1,12,D,3,8,B,1,8,A,1,7,0,0,0,0.9449881945102991,0.07776418345586472,19.43042998972095
82,2,16,3,0,0,0,C,3,2,A,3,8,0,0,0,0,0,0,0,0,0,0.8330406474061579,0.2485918220263532,18.22553946032351
68,5,11,15,13,9,6,D,4,11,A,2,1,C,2,9,A,2,9,C,1,5,0.9494042130062557,0.07321892713872553,19.063937418554783
72,1,9,0,0,0,0,A,2,7,0,0,0,0,0,0,0,0,0,0,0,0,0.7592857814077176,0.12622465520184156,17.383904512954665
37,1,1,0,0,0,0,D,3,9,0,0,0,0,0,0,0,0,0,0,0,0,0.7188324193705045,0.160963917070007,19.48746278731531
41,4,10,8,8,10,0,D,3,9,A,1,11,B,3,8,C,1,5,0,0,0,0.9271692452618431,0.05743971399878506,14.042680625731181
102,5,4,11,9,2,9,C,4,8,A,4,8,D,4,7,C,1,10,A,3,12,0.9326960120303318,0.06589923562086311,16.33387906278083
22,5,2,16,16,6,12,D,1,7,B,2,4,D,3,6,C,2,9,C,1,1,0.9396521546350678,0.04101870058743388,17.57809524260557
35,3,7,16,4,0,0,C,4,8,A,4,8,C,3,7,0,0,0,0,0,0,0.949879390912664,0.039069367330761745,14.42132021267454
115,3,3,14,4,0,0,D,3,5,C,4,2,D,3,5,0,0,0,0,0,0,0.9370833456761978,0.0367159244581252,14.530013213276092
116,2,3,4,0,0,0,C,4,4,A,4,11,0,0,0,0,0,0,0,0,0,0.9273712474529924,0.08902925782383839,18.49827904327823
104,4,4,1,12,6,0,D,1,2,B,2,3,D,1,8,B,4,7,0,0,0,0.9221910171416973,0.03510188020086892,17.46642761872278
77,2,15,16,0,0,0,C,3,7,B,1,8,0,0,0,0,0,0,0,0,0,0.7331593692644047,0.14996877967446598,15.058592577243823
123,5,11,8,14,12,12,D,3,2,A,1,7,D,1,3,D,2,6,B,4,12,0.9001904539548482,0.058426139794435214,19.42954983213943
33,4,4,14,8,8,0,B,3,10,B,3,1,A,1,6,B,4,7,0,0,0,0.9275599470565952,0.030922505012431066,18.350093439939272
121,2,8,12,0,0,0,B,3,4,A,2,5,0,0,0,0,0,0,0,0,0,0.8407353031525021,0.17416984337112282,15.402885055651486
93,2,7,13,0,0,0,A,3,7,D,2,8,0,0,0,0,0,0,0,0,0,0.6730601242004483,0.25944944419671856,16.783074703365585
13,4,6,8,7,3,0,A,2,2,B,1,6,D,1,2,D,3,10,0,0,0,0.9356019362828487,0.04916263834059354,19.34966038351186
38,3,5,6,2,0,0,A,2,8,D,1,1,D,4,4,0,0,0,0,0,0,0.9271538375953561,0.05012392347209791,16.092077582522386
70,5,11,1,12,16,16,A,2,9,D,2,4,B,2,5,C,3,10,C,4,12,0.9105280320715881,0.09331936397777321,16.945964520812378
12,4,15,9,14,15,0,B,1,9,B,4,10,D,4,6,C,1,10,0,0,0,0.9123273610225427,0.05198426147839792,18.824303108112257
124,5,13,13,7,15,7,D,1,7,A,1,4,B,4,10,C,2,10,D,2,5,0.9041155092717084,0.07243972611531183,16.990895341063577
95,5,15,8,7,1,11,A,3,5,C,1,6,A,3,12,D,2,8,C,1,7,0.9363309701126218,0.07430294650928834,18.66525810616716
42,5,3,8,10,12,1,C,1,4,A,1,10,C,2,3,B,3,3,B,4,2,0.9017998871835905,0.04908014797808044,14.594973583588049
57,1,13,0,0,0,0,B,2,2,0,0,0,0,0,0,0,0,0,0,0,0,0.821775317341616,0.26620960737626354,19.316457909849614
122,3,16,13,15,0,0,B,2,10,B,4,6,C,1,4,0,0,0,0,0,0,0.9041014213783753,0.026846460747367643,17.773743964038573
80,3,12,4,9,0,0,C,2,6,A,1,5,A,1,10,0,0,0,0,0,0,0.7980093084468706,0.2825908580464216,16.405233440505977
117,3,5,1,11,0,0,D,3,4,A,4,3,D,4,12,0,0,0,0,0,0,0.9094367173831337,0.08048126040468617,15.213557213913342
44,3,10,15,15,0,0,C,3,7,B,4,1,B,3,5,0,0,0,0,0,0,0.933998976364007,0.022571850253933413,16.516956656985105
72,3,6,6,8,0,0,C,1,1,D,4,3,B,3,5,0,0,0,0,0,0,0.9482966579331765,0.059220507777502235,19.054938657860422
75,3,8,15,1,0,0,C,1,11,B,1,2,C,1,7,0,0,0,0,0,0,0.8497034410729523,0.18799720721622215,17.23901248287191
128,2,11,8,0,0,0,B,2,9,B,3,4,0,0,0,0,0,0,0,0,0,0.6692387997687471,0.1937803896958603,16.095319656245955
79,2,6,5,0,0,0,B,3,4,A,2,9,0,0,0,0,0,0,0,0,0,0.7526752621470536,0.2258684408647845,19.792642493850863
20,4,16,5,10,7,0,B,3,4,C,1,7,C,4,7,A,1,3,0,0,0,0.904056449032224,0.0995217813562693,14.651072307530125
17,1,1,0,0,0,0,A,4,6,0,0,0,0,0,0,0,0,0,0,0,0,0.9145156975273764,0.08306805125059064,15.639413150419255
45,5,16,6,5,12,4,C,3,5,B,1,5,D,1,11,B,3,12,C,3,6,0.9250577935671088,0.04740051606963351,19.615643917192564
68,1,15,0,0,0,0,A,3,2,0,0,0,0,0,0,0,0,0,0,0,0,0.6761109829537676,0.24996205386268477,19.751274427399487
44,4,3,12,6,12,0,C,1,5,A,1,4,B,4,7,B,2,9,0,0,0,0.9416730003026345,0.08447537670248367,16.437013978069025
59,4,9,2,6,2,0,B,4,10,B,4,8,C,3,5,A,3,8,0,0,0,0.9496818743566092,0.022448306251421846,18.20694014462787
99,3,14,2,9,0,0,C,4,11,D,1,1,D,3,7,0,0,0,0,0,0,0.9263908073148358,0.028927414687221528,17.372047432646806
11,3,2,4,16,0,0,A,3,3,A,1,5,B,2,3,0,0,0,0,0,0,0.7205571047206665,0.2495865728208313,19.58482998299082
128,3,7,7,7,0,0,A,1,10,D,4,2,D,2,11,0,0,0,0,0,0,0.9465332406550884,0.0859426326538181,14.77510451998174
43,4,13,12,2,1,0,B,2,12,A,3,3,B,4,2,A,1,7,0,0,0,0.9236293209791819,0.05166083658727773,18.766056586434207
102,5,3,15,15,2,6,D,2,8,B,1,12,B,2,2,A,3,4,C,2,9,0.9055183103978274,0.07689706488542751,18.54897945897149
9,3,8,13,9,0,0,D,2,3,D,2,5,B,3,12,0,0,0,0,0,0,0.8058897440847843,0.1251612464817648,20.427434527734665
48,3,1,1,16,0,0,D,3,4,B,3,11,C,2,10,0,0,0,0,0,0,0.6731699625758722,0.22728784045983552,21.52883468990148
47,1,16,0,0,0,0,D,1,9,0,0,0,0,0,0,0,0,0,0,0,0,0.7743818916344909,0.21717612794265767,19.045308495247152
90,1,13,0,0,0,0,B,1,7,0,0,0,0,0,0,0,0,0,0,0,0,0.7917073086150153,0.24546659517431046,21.54144539261764
63,4,3,13,3,14,0,C,3,6,D,3,9,D,4,10,B,1,10,0,0,0,0.9282922357896928,0.04694639499222064,18.54691253015923
95,1,10,0,0,0,0,A,3,7,0,0,0,0,0,0,0,0,0,0,0,0,0.6582452665453844,0.24883991263201533,16.697210110958935
57,4,9,9,11,9,0,D,1,4,B,4,4,A,2,1,D,4,3,0,0,0,0.904621471083572,0.024614943107565363,17.78964753662764
67,2,16,14,0,0,0,C,4,2,B,3,12,0,0,0,0,0,0,0,0,0,0.9111055446905122,0.08481318820711382,19.429846940159752
12,1,7,0,0,0,0,C,3,4,0,0,0,0,0,0,0,0,0,0,0,0,0.7470081932955519,0.12874889405550072,19.234430187690577
94,5,6,7,7,14,3,A,1,1,D,3,4,D,2,11,D,3,5,A,3,1,0.9250920756511867,0.05991559545660434,19.383420292143878
45,4,1,6,13,1,0,A,3,7,C,4,8,D,1,1,B,3,4,0,0,0,0.9199904778763204,0.0952805744425315,15.864578060702302
83,1,12,0,0,0,0,B,3,1,0,0,0,0,0,0,0,0,0,0,0,0,0.660068223421864,0.2592379978613227,20.681118553358765
107,5,16,12,14,3,9,D,1,6,B,2,2,B,2,3,C,2,12,B,3,9,0.9341928947445555,0.06032273553568214,18.927711647918528
34,3,12,1,8,0,0,B,3,4,A,2,12,A,4,11,0,0,0,0,0,0,0.9110012594681719,0.09445224804646074,17.28082872258273
112,5,3,4,5,14,8,D,3,11,A,4,6,D,4,8,B,4,10,C,2,3,0.9213997661468204,0.08300490815812492,17.68802347061472
9,4,14,11,7,4,0,B,2,11,D,3,5,C,3,3,A,3,2,0,0,0,0.9054303324696116,0.08799385193267062,14.275157105868669
124,1,4,0,0,0,0,C,2,12,0,0,0,0,0,0,0,0,0,0,0,0,0.6623537767482971,0.2053128835229711,15.887226961850555
54,3,3,11,13,0,0,B,3,3,D,1,9,B,3,11,0,0,0,0,0,0,0.853177295101519,0.2781085636014201,18.538428444740184
72,2,14,8,0,0,0,C,4,6,A,4,6,0,0,0,0,0,0,0,0,0,0.9203161508945493,0.0901212841096767,17.052207982390133
104,1,10,0,0,0,0,B,1,3,0,0,0,0,0,0,0,0,0,0,0,0,0.8740211302604388,0.18336928636828242,16.58763974219153
116,3,2,1,4,0,0,D,3,7,C,3,6,D,1,7,0,0,0,0,0,0,0.7608993100538124,0.28685171755996675,17.585531918758726
17,4,8,15,1,3,0,D,2,2,A,3,7,B,2,9,A,2,4,0,0,0,0.9374279638974469,0.09639420036303291,18.721943553793878
62,5,1,12,11,12,5,A,3,11,B,1,6,C,1,5,A,3,5,A,4,10,0.9468029462359592,0.05763115151651048,17.965705043796703
33,1,11,0,0,0,0,B,4,8,0,0,0,0,0,0,0,0,0,0,0,0,0.909298947459983,0.045337362503578574,19.75382127544416
122,3,7,7,3,0,0,A,1,5,C,3,4,C,2,1,0,0,0,0,0,0,0.6890891997062082,0.10879910275472925,20.521763246186893
113,1,10,0,0,0,0,B,1,10,0,0,0,0,0,0,0,0,0,0,0,0,0.6590797115958624,0.2539560649916309,18.14992927031976
66,2,4,8,0,0,0,A,1,10,A,1,3,0,0,0,0,0,0,0,0,0,0.7274520005493368,0.15243674856660422,15.723510252998066
33,3,5,1,6,0,0,D,3,12,C,1,4,D,3,2,0,0,0,0,0,0,0.7116740244917602,0.2958073515264247,18.02782987548828
81,4,2,5,8,3,0,B,3,10,C,2,3,D,1,1,B,1,10,0,0,0,0.9046212820146727,0.0206638202731446,16.043851841062917
63,2,11,10,0,0,0,B,1,2,B,2,4,0,0,0,0,0,0,0,0,0,0.7500225372457348,0.12101255557726226,20.008467830179207
126,5,5,12,1,3,15,B,3,6,C,1,2,B,1,7,D,3,10,D,1,1,0.9077538621752403,0.07377833720540328,16.266779529530268
50,5,9,15,12,14,1,B,4,12,D,2,5,D,2,9,A,2,7,D,2,7,0.9412336744001887,0.027970730372855118,19.19840076466906
49,2,2,16,0,0,0,A,2,3,B,3,3,0,0,0,0,0,0,0,0,0,0.8834651450907318,0.29959396275639094,17.201258514739827
71,4,2,7,9,16,0,A,3,8,C,4,8,B,2,4,C,3,3,0,0,0,0.9098384630459215,0.05859695422360596,14.861338614130577
108,4,10,16,15,9,0,A,2,10,D,2,8,D,2,12,C,3,6,0,0,0,0.9427656992429421,0.08905012635309485,14.574044641629333
100,5,12,14,12,9,7,B,1,7,A,1,4,D,2,2,D,3,1,D,1,10,0.9149160081705674,0.020848727762859138,15.59287155650855
91,4,8,6,16,3,0,D,2,11,D,1,5,D,1,10,C,2,7,0,0,0,0.9010143082869927,0.07715304762898613,15.310280054056813
9,4,9,10,1,1,0,A,2,12,A,3,6,B,3,2,A,4,5,0,0,0,0.906385127972189,0.03858221279537022,14.264700281585633
78,1,15,0,0,0,0,A,2,1,0,0,0,0,0,0,0,0,0,0,0,0,0.7793887416717493,0.1925785268672483,21.88647919215191
67,3,4,9,3,0,0,C,2,8,D,4,8,A,3,7,0,0,0,0,0,0,0.9307339458180715,0.0434101970601755,14.740972929565892
100,3,10,11,11,0,0,C,4,10,C,3,7,D,4,10,0,0,0,0,0,0,0.9269098716316552,0.04056989021362289,14.479434198168764
83,1,15,0,0,0,0,A,3,2,0,0,0,0,0,0,0,0,0,0,0,0,0.8456752219745158,0.16454442322919122,21.22189923561677
83,1,7,0,0,0,0,A,2,6,0,0,0,0,0,0,0,0,0,0,0,0,0.7746586858396446,0.28739657659975243,16.013406813620833
43,1,8,0,0,0,0,A,1,3,0,0,0,0,0,0,0,0,0,0,0,0,0.7728627327790395,0.14685309413614567,16.646656034455148
125,5,10,10,13,6,8,D,3,11,D,4,10,C,3,12,B,2,7,C,4,1,0.9176525231842347,0.07048666957761224,16.674068388168372
54,3,14,12,9,0,0,C,1,5,C,3,11,B,4,10,0,0,0,0,0,0,0.9146776060551111,0.07137423690749878,18.603555703227922
45,5,9,6,5,4,6,C,4,12,D,1,4,B,4,12,C,4,3,B,4,1,0.909042359352863,0.07500494988867794,14.398488783690505
57,2,4,12,0,0,0,C,3,5,B,1,9,0,0,0,0,0,0,0,0,0,0.8743559293258775,0.22126422390060826,19.73305920253825
47,1,1,0,0,0,0,C,4,12,0,0,0,0,0,0,0,0,0,0,0,0,0.9465019161803307,0.03204434762150376,16.41005757829346
88,2,4,14,0,0,0,A,1,7,A,2,10,0,0,0,0,0,0,0,0,0,0.7739008196598024,0.20414670658461181,19.91012328004631
92,2,1,12,0,0,0,B,4,9,B,2,8,0,0,0,0,0,0,0,0,0,0.9039210993747163,0.07796644342806416,17.081538368658858
45,2,13,10,0,0,0,B,4,9,B,4,6,0,0,0,0,0,0,0,0,0,0.926372808561748,0.09662692738583434,18.102411178481532
28,5,2,8,11,9,6,D,3,6,D,1,9,C,1,10,C,1,4,D,2,12,0.913305476064941,0.08275460195524716,16.357026036528666
79,2,13,2,0,0,0,C,2,9,B,2,5,0,0,0,0,0,0,0,0,0,0.6897128169042209,0.26648984031892076,17.964165691334784
31,3,6,4,13,0,0,D,1,11,B,1,9,D,2,8,0,0,0,0,0,0,0.84872565531006,0.2396921851662082,20.326356124415845
16,1,2,0,0,0,0,B,4,6,0,0,0,0,0,0,0,0,0,0,0,0,0.925104732493087,0.03885580292685565,17.030234987381068
25,3,4,9,10,0,0,B,3,2,C,2,10,B,2,5,0,0,0,0,0,0,0.8842724259002477,0.26710461252520823,16.115280787134857
73,3,13,11,9,0,0,D,3,7,A,4,10,C,3,9,0,0,0,0,0,0,0.9146812754763529,0.034528935826004414,19.39474212073141
97,3,14,4,14,0,0,D,3,1,B,3,6,A,2,8,0,0,0,0,0,0,0.8309976803178927,0.1250311140717279,21.73974514790035
100,3,6,4,8,0,0,A,1,3,D,3,1,B,2,9,0,0,0,0,0,0,0.6860828360263428,0.17303898373277338,20.194849843303196
17,5,6,5,15,11,4,A,1,2,D,3,2,D,4,2,B,3,5,D,2,12,0.9438414044095726,0.0677167893788082,17.222300374962145
48,4,5,3,16,7,0,C,1,4,D,1,5,D,3,10,C,1,7,0,0,0,0.9139838686244679,0.08800129549718884,19.39279720469331
46,4,13,1,10,2,0,D,2,10,C,4,1,C,1,3,C,2,11,0,0,0,0.9003710566397177,0.09195595463482772,18.11816607341278
89,1,15,0,0,0,0,C,1,7,0,0,0,0,0,0,0,0,0,0,0,0,0.6668677870110548,0.14268386240648168,16.002597841219668
80,1,9,0,0,0,0,D,2,8,0,0,0,0,0,0,0,0,0,0,0,0,0.6619436679132399,0.1935243168172726,18.370335556770023
27,5,5,11,6,1,13,B,4,11,D,2,1,C,4,12,C,2,5,C,3,1,0.9316927245969797,0.06285964158558138,17.62817279030268
19,3,8,3,7,0,0,C,1,9,A,1,4,C,3,1,0,0,0,0,0,0,0.7307940299510034,0.1470959586606696,19.293687635203746
36,5,14,1,8,8,11,C,2,4,B,1,11,D,1,11,B,3,2,A,4,7,0.9499217142991919,0.06252091212611947,15.193571447990305
98,4,15,8,2,8,0,B,1,7,D,2,12,C,2,3,D,1,5,0,0,0,0.9435270243945663,0.030666361212260487,17.92261781534215
51,2,16,6,0,0,0,C,2,5,C,2,4,0,0,0,0,0,0,0,0,0,0.8620564167207516,0.16882342329887987,21.988904289501388
73,2,8,1,0,0,0,C,4,8,C,2,11,0,0,0,0,0,0,0,0,0,0.9016891016922888,0.0799002020387281,15.552616061673259
19,4,6,1,16,16,0,D,4,7,A,4,10,A,1,4,D,4,2,0,0,0,0.9039961104532532,0.05152661521971663,17.21290457334148
47,5,8,4,5,16,10,C,1,5,A,1,3,C,1,4,D,2,2,A,3,2,0.9419734509426159,0.04233911524320057,18.65230644814353
12,4,10,4,10,5,0,A,3,11,A,2,1,C,2,4,D,3,6,0,0,0,0.9040160479945739,0.021050316846527528,17.892988650435537
128,3,9,11,10,0,0,B,2,2,D,1,11,A,1,9,0,0,0,0,0,0,0.8226448309107166,0.14754964975891352,21.430592328987416
40,3,11,14,11,0,0,C,2,9,B,3,8,D,1,6,0,0,0,0,0,0,0.825038756699888,0.2382456102311274,17.410268330844175
49,5,11,2,1,1,3,C,2,6,B,4,5,D,2,2,C,2,3,B,1,3,0.9245842884663394,0.049484962566906446,18.710646746263798
26,3,14,12,1,0,0,B,3,11,D,1,12,A,4,5,0,0,0,0,0,0,0.9051667280008193,0.055713554848732486,19.910329404136537
32,2,15,7,0,0,0,D,4,12,A,3,3,0,0,0,0,0,0,0,0,0,0.9254853357754584,0.02511973784821981,17.843987256446844
92,1,12,0,0,0,0,A,4,7,0,0,0,0,0,0,0,0,0,0,0,0,0.9358126740707969,0.05489932197181113,14.77083581143328
30,2,12,1,0,0,0,C,4,8,A,2,7,0,0,0,0,0,0,0,0,0,0.9487453486068088,0.09537651265308399,14.847347877266138
54,5,5,3,9,13,11,A,3,12,A,2,1,D,1,6,D,4,2,B,1,2,0.9178502862749985,0.062342632925020194,19.41199020349761
122,4,14,14,12,14,0,A,4,2,A,1,7,C,1,8,D,2,7,0,0,0,0.901553039497994,0.09986627112003701,15.79643133370435
109,1,15,0,0,0,0,D,4,4,0,0,0,0,0,0,0,0,0,0,0,0,0.9294826170971129,0.05698122171069103,15.18640596996856
91,3,16,4,14,0,0,A,2,10,C,3,4,D,1,8,0,0,0,0,0,0,0.6850408576044845,0.24479307045421708,17.778630239985844
54,2,6,9,0,0,0,B,3,9,B,1,11,0,0,0,0,0,0,0,0,0,0.6883504749340941,0.12367244339388357,18.47390928545346
107,2,15,14,0,0,0,B,1,11,C,2,7,0,0,0,0,0,0,0,0,0,0.7928983000792513,0.23998519985840544,21.505243056394363
24,2,15,1,0,0,0,A,3,6,C,3,6,0,0,0,0,0,0,0,0,0,0.86989486904293,0.16845466712658094,15.281608969244425
82,1,14,0,0,0,0,B,1,11,0,0,0,0,0,0,0,0,0,0,0,0,0.7319223388826299,0.1405101053526216,19.670245284879996
86,1,3,0,0,0,0,D,3,8,0,0,0,0,0,0,0,0,0,0,0,0,0.8817098088412989,0.14649808226445854,21.825155016304013
107,1,10,0,0,0,0,B,1,12,0,0,0,0,0,0,0,0,0,0,0,0,0.6592167316020586,0.13922604358792484,15.392215677542785
35,3,6,14,8,0,0,D,3,8,C,3,7,A,4,5,0,0,0,0,0,0,0.9394179771889715,0.023422003314109097,15.17067929545078
23,2,2,9,0,0,0,C,4,3,A,1,10,0,0,0,0,0,0,0,0,0,0.9221241850471809,0.05449923898606575,18.487531567893587
31,2,8,6,0,0,0,B,1,5,C,2,9,0,0,0,0,0,0,0,0,0,0.8806984435244973,0.16214594718099953,16.914256123017964
80,4,8,5,12,6,0,C,1,10,C,2,8,A,2,2,B,1,8,0,0,0,0.9115420970517784,0.0982058375054706,18.57248065217825
82,3,3,9,8,0,0,D,4,10,A,2,9,C,3,11,0,0,0,0,0,0,0.9103255325249622,0.05548157003883365,18.610015109827742
93,5,5,15,6,10,15,D,4,11,A,1,12,A,2,2,A,4,4,C,3,6,0.9017561168000795,0.09563040602540376,19.85529933254267
96,5,1,12,13,9,13,B,4,3,C,3,1,D,4,12,D,2,10,B,1,1,0.935913781684943,0.034574995128111345,16.418897475224213
32,4,12,15,5,1,0,A,4,3,C,2,10,B,3,8,B,1,3,0,0,0,0.9313535403606147,0.09601710037739072,18.02542000314641
33,5,15,9,4,13,7,B,1,5,A,1,2,C,2,12,C,1,8,B,4,11,0.9148983149669598,0.06781314195996037,16.624923714545663
94,3,3,9,2,0,0,C,4,8,A,2,4,C,1,7,0,0,0,0,0,0,0.9359969307403754,0.05367858737532527,14.36213196297357
92,2,9,7,0,0,0,C,1,1,B,2,12,0,0,0,0,0,0,0,0,0,0.7921167479428984,0.28030042342114697,20.62484082344861
25,4,10,6,10,9,0,D,4,7,C,4,6,D,3,12,C,3,11,0,0,0,0.921483627987294,0.03325629394080247,15.380213831015487
26,4,16,14,13,2,0,C,1,4,A,3,12,D,2,11,C,3,3,0,0,0,0.9322734273551376,0.031569543537515066,17.120279497900246
72,2,11,9,0,0,0,A,2,7,A,3,3,0,0,0,0,0,0,0,0,0,0.669221495190286,0.2966362140560833,15.724039983706986
97,3,6,15,4,0,0,B,1,11,C,3,7,B,2,11,0,0,0,0,0,0,0.6953142411005132,0.2857431569689213,20.94879564080422
110,2,11,6,0,0,0,A,2,4,C,4,6,0,0,0,0,0,0,0,0,0,0.9367722424648435,0.04935732032030857,17.31609198675461
29,4,14,10,14,5,0,B,1,6,A,3,10,B,2,6,C,2,11,0,0,0,0.9206063168518549,0.04502281025167396,17.9761949166081
67,5,3,10,13,10,2,A,2,3,D,4,1,C,3,5,D,2,3,C,2,11,0.9192423763224825,0.04711397161344816,14.762641900005278
52,3,3,2,4,0,0,B,2,5,D,4,6,B,1,7,0,0,0,0,0,0,0.9335335878451648,0.021882352084996413,14.500477222537294
73,1,11,0,0,0,0,B,4,12,0,0,0,0,0,0,0,0,0,0,0,0,0.9013380750566841,0.0996679749387596,19.636274627715196
50,2,15,12,0,0,0,D,2,5,B,1,2,0,0,0,0,0,0,0,0,0,0.7088761063079033,0.12887451030492866,20.54602564649108
75,2,7,16,0,0,0,C,1,6,D,1,11,0,0,0,0,0,0,0,0,0,0.854575491347196,0.11645687260571287,16.564292864585738
14,1,11,0,0,0,0,C,3,5,0,0,0,0,0,0,0,0,0,0,0,0,0.8206232482635458,0.15423616137792234,18.399956239121394
23,2,7,7,0,0,0,D,2,8,D,3,11,0,0,0,0,0,0,0,0,0,0.7240181288438982,0.28910527436725525,17.032103153871162
51,3,11,6,2,0,0,A,4,10,D,1,12,C,4,5,0,0,0,0,0,0,0.9345133066476751,0.029143254078630186,14.370277036513306
114,5,4,7,12,12,1,D,4,2,D,4,6,D,3,2,B,1,12,A,3,3,0.9006487366610696,0.06355144838883765,14.70886556680179
76,2,15,3,0,0,0,B,1,12,A,1,8,0,0,0,0,0,0,0,0,0,0.8216554054389746,0.12281385188897667,21.94991932775449
94,1,11,0,0,0,0,D,4,9,0,0,0,0,0,0,0,0,0,0,0,0,0.9101510721349655,0.09796041204712364,16.551352885948436
60,4,8,7,10,9,0,C,2,12,D,1,7,D,1,1,D,2,6,0,0,0,0.9039411446051155,0.053319428832392615,17.52863463483113
94,4,2,8,3,9,0,C,1,3,C,2,8,D,3,12,D,2,9,0,0,0,0.9030778931173038,0.056832313190544104,18.52188556762734
99,3,5,12,16,0,0,D,4,3,C,2,4,D,1,11,0,0,0,0,0,0,0.9163006647227977,0.08964780583563949,18.7292594748535
13,1,13,0,0,0,0,C,3,4,0,0,0,0,0,0,0,0,0,0,0,0,0.6658906402103624,0.1643946856147836,19.664557929899956
102,2,1,5,0,0,0,B,3,11,C,2,7,0,0,0,0,0,0,0,0,0,0.7582619534628521,0.2748107731521887,19.375377071357736
18,5,11,7,5,14,15,A,3,12,B,1,5,C,3,2,B,1,9,A,2,5,0.9011691396314188,0.071777915875991,15.27611171259372
42,3,16,14,12,0,0,B,4,4,B,4,5,C,1,8,0,0,0,0,0,0,0.9045748902900512,0.028886245200263474,15.730244368080964
44,1,14,0,0,0,0,B,4,5,0,0,0,0,0,0,0,0,0,0,0,0,0.9158650791670528,0.0781680323607144,17.74015881351708
34,1,15,0,0,0,0,B,3,3,0,0,0,0,0,0,0,0,0,0,0,0,0.7725472401685592,0.15238586441586696,18.89332520116814
91,5,15,15,4,14,6,B,4,7,B,1,5,A,1,6,B,4,11,B,4,6,0.91510745323996,0.05084657767566392,15.540230532906984
15,1,7,0,0,0,0,B,1,11,0,0,0,0,0,0,0,0,0,0,0,0,0.8210284850457747,0.2610744796872111,17.40102623435793
124,3,2,16,12,0,0,A,1,7,B,3,3,A,4,1,0,0,0,0,0,0,0.910964376895789,0.022073251755907623,18.407027757375793
125,5,6,6,5,2,15,C,2,3,D,3,11,A,1,3,B,1,12,A,4,1,0.926309131577538,0.07913162371951322,19.185101265302386
62,5,5,11,2,1,6,A,3,1,A,3,11,B,1,12,D,4,5,D,2,7,0.9042137870185046,0.0803677732195819,15.214277078921796
34,1,2,0,0,0,0,A,1,2,0,0,0,0,0,0,0,0,0,0,0,0,0.7624348690098639,0.21084330185052955,20.89237724376345
96,2,14,9,0,0,0,B,3,1,C,3,12,0,0,0,0,0,0,0,0,0,0.7860219838883457,0.26283225419533135,17.31074466197171
64,2,13,4,0,0,0,D,2,6,A,1,3,0,0,0,0,0,0,0,0,0,0.7069267392549347,0.1203523919683388,21.31979117733414
77,5,11,7,7,1,12,D,3,4,D,1,11,B,2,5,D,4,5,B,1,8,0.9457149279602923,0.04145435124379605,14.071891804234706
36,5,3,4,9,14,16,A,4,11,D,4,1,C,1,5,A,3,5,C,3,10,0.944324955323004,0.08206848582736527,19.879796229849205
16,2,5,7,0,0,0,B,4,11,C,4,4,0,0,0,0,0,0,0,0,0,0.9074222065564453,0.08292224214932127,14.233769281044548
121,3,13,2,4,0,0,C,2,6,B,1,5,C,3,1,0,0,0,0,0,0,0.6569986941289759,0.24226219075766198,20.381444992169058
121,5,11,5,12,11,6,B,4,1,C,2,11,C,4,8,C,3,11,D,1,9,0.9465369603381989,0.038403897248595706,14.417687116089166
55,3,13,10,3,0,0,A,1,7,D,3,4,B,4,3,0,0,0,0,0,0,0.9090905989429383,0.045683060218953166,14.125713586045306
86,3,1,1,15,0,0,A,4,7,A,1,6,A,1,4,0,0,0,0,0,0,0.946592893840269,0.03428746651542619,15.25988331740968
17,2,14,6,0,0,0,A,3,12,C,2,3,0,0,0,0,0,0,0,0,0,0.8464374158215551,0.10161716323056376,17.691499124205947
116,4,11,8,12,13,0,C,1,2,A,4,6,A,3,3,B,1,3,0,0,0,0.9248034192176323,0.0400765575716862,18.40198794916266
51,1,6,0,0,0,0,C,4,11,0,0,0,0,0,0,0,0,0,0,0,0,0.9481947936464018,0.03499266272421722,15.416024520056142
31,5,2,6,14,11,10,B,2,2,B,2,8,C,4,1,A,2,7,A,2,8,0.9468378479977528,0.022351004771643767,17.48221834791201
89,2,9,3,0,0,0,D,1,4,B,4,2,0,0,0,0,0,0,0,0,0,0.9401264079340526,0.06409631056238707,19.014517568152947
19,3,1,8,2,0,0,D,3,9,A,2,11,A,4,4,0,0,0,0,0,0,0.9218067390391064,0.03943483970772726,17.225512610869586
98,1,3,0,0,0,0,C,2,6,0,0,0,0,0,0,0,0,0,0,0,0,0.6746536158999943,0.14759920549861963,15.019909976456711
73,1,13,0,0,0,0,B,4,11,0,0,0,0,0,0,0,0,0,0,0,0,0.9455214425581765,0.07990221781387229,17.23681432714534
57,4,12,5,4,6,0,B,3,11,B,1,10,C,3,3,C,2,6,0,0,0,0.9165053307378231,0.020695580603388705,19.342966525632455
117,4,6,15,15,6,0,C,3,7,C,4,7,C,2,11,A,4,12,0,0,0,0.9065970219863579,0.03595819856474641,14.918133227800158
84,2,13,3,0,0,0,B,4,6,A,2,6,0,0,0,0,0,0,0,0,0,0.901815389678456,0.023119335408505668,19.34689964367537
17,5,15,1,7,10,6,A,4,3,C,4,7,D,4,6,A,4,10,C,1,5,0.9138814360828135,0.06485867087166734,15.224945282233536
10,1,4,0,0,0,0,A,3,2,0,0,0,0,0,0,0,0,0,0,0,0,0.7630603095405112,0.2617990507204011,18.57025060097895
48,3,14,3,15,0,0,D,1,2,A,4,12,D,3,10,0,0,0,0,0,0,0.9409428278670936,0.028284809401798068,14.299827690183253
103,2,12,15,0,0,0,D,3,7,A,1,12,0,0,0,0,0,0,0,0,0,0.8700301663921908,0.2664383727268924,18.851658633292903
103,1,13,0,0,0,0,B,1,5,0,0,0,0,0,0,0,0,0,0,0,0,0.7563266196322644,0.2606189182320091,21.489864438353067
121,4,15,14,8,6,0,C,4,12,D,4,5,C,1,6,D,3,4,0,0,0,0.9250172540769013,0.06870861146199353,17.87297014812491
21,3,7,6,14,0,0,A,1,9,C,4,2,A,2,11,0,0,0,0,0,0,0.9120993741492063,0.030470084829789714,15.138928299854328
71,4,5,1,12,5,0,D,3,8,D,4,1,C,3,8,A,2,10,0,0,0,0.9455531158939078,0.04861696896729806,16.935097431072478
123,1,6,0,0,0,0,C,4,11,0,0,0,0,0,0,0,0,0,0,0,0,0.9226241820791232,0.06886321534479904,15.185876123128738
81,2,5,16,0,0,0,C,2,10,A,3,9,0,0,0,0,0,0,0,0,0,0.8336927126949604,0.1513098108612983,21.88905056997586
11,1,11,0,0,0,0,D,4,6,0,0,0,0,0,0,0,0,0,0,0,0,0.9416853545836166,0.06543319858242189,14.150037170878038
99,1,2,0,0,0,0,A,2,1,0,0,0,0,0,0,0,0,0,0,0,0,0.7216354716797203,0.16706386846369042,17.1310833071763
82,4,10,10,15,8,0,B,2,8,D,4,2,B,4,11,A,2,9,0,0,0,0.9053738224610047,0.08474063400313313,14.194606976521175
101,4,11,15,2,12,0,D,4,1,D,3,11,C,2,5,B,1,9,0,0,0,0.9364257815616159,0.07805239988164334,19.530786588317884
70,5,11,6,1,1,15,A,4,12,A,3,1,B,2,6,B,3,11,A,2,4,0.9281194254052767,0.041546798791310416,17.087291143409477
50,4,4,12,12,12,0,C,2,3,C,1,1,C,2,12,B,2,5,0,0,0,0.9102721900182915,0.030598414268860223,15.194583162712348
32,5,4,8,7,11,4,C,2,10,A,4,11,A,1,10,D,1,7,B,2,1,0.914684886467397,0.041164349874427394,14.281036842667058
27,3,5,16,7,0,0,A,4,4,D,2,5,D,1,5,0,0,0,0,0,0,0.9076416007583922,0.02772130963615476,19.811440069871782
12,1,11,0,0,0,0,B,1,8,0,0,0,0,0,0,0,0,0,0,0,0,0.8303239256294643,0.187785393593545,15.3891399877781
54,3,5,12,14,0,0,B,4,5,A,4,2,B,4,1,0,0,0,0,0,0,0.9094493881168388,0.060536196317040186,14.674310590099976
32,2,7,6,0,0,0,A,1,5,B,4,2,0,0,0,0,0,0,0,0,0,0.9109722554384369,0.027756864169658953,17.184898813813472
111,4,13,12,2,8,0,B,4,8,B,3,5,B,4,9,A,1,8,0,0,0,0.9419020344086422,0.05309969531149651,18.873776779499657
84,2,12,2,0,0,0,D,2,12,A,4,5,0,0,0,0,0,0,0,0,0,0.9229787650685373,0.07880807584518985,19.415400795255092
88,1,2,0,0,0,0,D,2,2,0,0,0,0,0,0,0,0,0,0,0,0,0.7171782205487687,0.1597565976903928,20.539217233358393
127,1,2,0,0,0,0,A,2,7,0,0,0,0,0,0,0,0,0,0,0,0,0.8542653564051876,0.19849570188487464,17.7128259538794
100,2,3,10,0,0,0,B,2,8,C,4,11,0,0,0,0,0,0,0,0,0,0.9024077207111295,0.051836483631213,14.002339550430984
105,2,1,6,0,0,0,A,4,8,C,1,11,0,0,0,0,0,0,0,0,0,0.9314148901234953,0.041102173245502194,17.643814213167936
113,4,2,3,9,7,0,A,2,2,C,2,11,D,1,9,A,2,6,0,0,0,0.9273683194566759,0.09071251179865944,14.663523720270902
17,2,4,12,0,0,0,B,2,10,D,2,11,0,0,0,0,0,0,0,0,0,0.7995452871251448,0.10327886958367667,15.084424021196869
122,4,4,15,13,14,0,D,4,6,B,4,9,A,1,6,D,3,12,0,0,0,0.9440940133254805,0.04498867011907101,19.366021258109754
44,2,13,16,0,0,0,A,3,6,A,4,11,0,0,0,0,0,0,0,0,0,0.9170543812459901,0.0687877608710665,15.780722047244232
100,1,7,0,0,0,0,D,1,3,0,0,0,0,0,0,0,0,0,0,0,0,0.6954322240898106,0.11648375599863783,18.99592608240362
88,3,11,9,6,0,0,B,1,3,A,4,9,B,2,9,0,0,0,0,0,0,0.9036708606964033,0.09069934142980957,16.808066171665573
123,5,11,2,5,15,10,A,2,8,C,1,4,D,4,7,D,2,1,A,2,10,0.9181103486401211,0.07946315384677761,19.927272477653155
106,3,6,5,7,0,0,A,2,11,C,2,8,C,4,5,0,0,0,0,0,0,0.9415135161475147,0.04837313043544789,16.28020675396683
117,3,14,15,4,0,0,A,3,5,B,1,4,C,4,7,0,0,0,0,0,0,0.9228859929987506,0.04392660173654516,15.485903771093245
34,2,9,15,0,0,0,C,3,10,D,2,2,0,0,0,0,0,0,0,0,0,0.6579243956055553,0.11363169045612309,16.488019020637957
43,3,6,8,10,0,0,C,4,9,A,1,3,A,2,1,0,0,0,0,0,0,0.9363692610206307,0.030651374447586345,16.57672163501852
35,1,12,0,0,0,0,C,4,1,0,0,0,0,0,0,0,0,0,0,0,0,0.9310151138455103,0.059355271094243586,18.863664743514335
46,2,12,10,0,0,0,A,1,2,A,3,6,0,0,0,0,0,0,0,0,0,0.7272656534818691,0.14886525791896413,16.156673256970418
70,1,7,0,0,0,0,D,2,11,0,0,0,0,0,0,0,0,0,0,0,0,0.7827537798647242,0.21391302207979673,17.969822236656604
87,1,3,0,0,0,0,C,3,12,0,0,0,0,0,0,0,0,0,0,0,0,0.7688508553518019,0.2870993076388723,19.588322905684795
109,1,7,0,0,0,0,A,1,11,0,0,0,0,0,0,0,0,0,0,0,0,0.7720373718875867,0.1816906746261135,19.12568897994226
117,1,10,0,0,0,0,A,3,2,0,0,0,0,0,0,0,0,0,0,0,0,0.8322545512987196,0.1831949991985986,15.401915130168787
117,5,1,9,7,9,3,B,4,7,A,2,9,A,3,3,D,3,5,A,3,3,0.9188369050314517,0.07565221405134523,17.043264382127248
128,3,10,14,3,0,0,A,3,1,D,1,5,A,2,10,0,0,0,0,0,0,0.7947136117991943,0.24426601860256714,15.10240552964779
92,1,7,0,0,0,0,C,3,12,0,0,0,0,0,0,0,0,0,0,0,0,0.8889231276690435,0.2820234946048441,15.99916514442845
49,5,12,13,12,8,9,A,3,11,D,2,5,D,1,5,C,1,12,A,4,7,0.9340335657657931,0.04426021191800529,15.907018007967888
77,1,14,0,0,0,0,C,3,3,0,0,0,0,0,0,0,0,0,0,0,0,0.6732259549182599,0.25607468182821136,18.639211881617967
128,2,9,7,0,0,0,C,2,4,D,3,10,0,0,0,0,0,0,0,0,0,0.7310698319791339,0.24388960792604103,19.40986595961734
8,2,4,14,0,0,0,A,3,8,D,1,8,0,0,0,0,0,0,0,0,0,0.8304230575367362,0.19257678336135628,20.045830233156135
8,4,7,3,3,4,0,C,2,3,A,3,4,B,4,7,C,3,7,0,0,0,0.9321494272923816,0.026627986479243165,16.229357317631816
26,5,11,11,14,14,13,A,4,4,D,3,4,C,4,2,C,3,6,C,2,6,0.9329484925471301,0.0783165005674877,14.955579439662689
111,5,16,13,3,13,9,B,1,1,D,2,11,D,4,1,A,4,1,A,1,7,0.9478626667486167,0.05263646334402565,14.173605686545331
62,5,6,2,1,12,11,A,3,8,C,1,10,A,3,1,B,2,11,C,3,3,0.9301403285596784,0.092604762979824,19.723541360439356
53,2,11,9,0,0,0,D,1,1,B,1,7,0,0,0,0,0,0,0,0,0,0.8741609963831002,0.2381608629285299,16.515585490236408
91,1,7,0,0,0,0,B,3,9,0,0,0,0,0,0,0,0,0,0,0,0,0.885618706994115,0.2352665833497058,17.73827258664085
41,4,11,13,9,16,0,C,2,1,B,2,5,A,1,8,C,2,9,0,0,0,0.9089390667654161,0.05541014149910993,15.129062373447379
127,5,3,16,4,5,15,C,2,2,C,1,3,C,1,7,D,2,7,B,3,1,0.9134517155562742,0.06773189524806422,15.521419084345284
17,1,3,0,0,0,0,A,1,7,0,0,0,0,0,0,0,0,0,0,0,0,0.6965466492903037,0.10455606895890633,18.579367077138762
55,5,6,5,12,2,8,A,1,11,A,3,1,D,3,3,A,3,8,C,2,10,0.9422522665198911,0.09281322183053262,14.230934821945498
46,5,6,8,16,4,8,B,1,12,B,1,9,B,3,11,C,2,10,B,3,6,0.9199029271580098,0.09888063001614175,17.17554178027532
39,1,6,0,0,0,0,C,4,2,0,0,0,0,0,0,0,0,0,0,0,0,0.9309376184151437,0.08468639572284697,19.67470360441758
14,2,6,5,0,0,0,B,1,6,B,4,9,0,0,0,0,0,0,0,0,0,0.9476425299675492,0.05840457572675678,16.783671313181337
10,4,7,16,1,5,0,D,4,4,B,4,2,B,2,1,A,1,1,0,0,0,0.9023586026279509,0.08811237096740387,16.83444159944885
99,4,2,4,3,7,0,C,2,3,A,3,12,A,2,10,C,1,6,0,0,0,0.9032915180789383,0.07725176700523834,16.02988459176875
16,4,13,11,1,13,0,D,3,5,D,1,10,C,1,11,A,4,10,0,0,0,0.9173356577525966,0.0477632831569592,14.901362517535862
104,1,8,0,0,0,0,A,2,2,0,0,0,0,0,0,0,0,0,0,0,0,0.7072769308796298,0.24472353548646442,21.70977161460336
14,3,13,3,6,0,0,D,1,3,C,3,12,D,2,11,0,0,0,0,0,0,0.6742394410159055,0.10375683827611415,16.687884861886126
47,4,12,1,12,1,0,D,4,1,C,4,11,B,3,11,B,4,6,0,0,0,0.9260712139922894,0.06974787110163938,16.03048072608298
82,3,5,6,4,0,0,A,3,7,A,3,2,C,1,5,0,0,0,0,0,0,0.8783710293868043,0.20018930153634573,19.93743305724611
114,2,4,14,0,0,0,A,3,8,A,4,9,0,0,0,0,0,0,0,0,0,0.9016125864846326,0.046686435856825345,16.477180437842694
92,5,1,6,15,5,16,C,1,6,A,1,4,B,1,12,C,3,10,D,2,3,0.9107839808334642,0.046820261379584255,16.309034625678958
109,4,7,2,2,11,0,A,1,2,C,1,5,A,1,8,A,4,9,0,0,0,0.9161336254693667,0.05345372515613751,16.18402657956179
50,5,2,14,11,1,14,B,4,1,B,2,12,A,1,12,B,1,8,B,1,2,0.9440639220755417,0.05313364891751944,15.162900506558223
49,2,6,4,0,0,0,D,3,8,C,3,3,0,0,0,0,0,0,0,0,0,0.6666593529950656,0.23581589019739446,21.50033101975341
16,5,13,8,11,3,2,B,3,10,B,2,6,B,4,6,A,1,5,D,1,5,0.9048217582223514,0.043429425429161804,16.50739075124228
105,2,3,14,0,0,0,A,3,1,C,2,3,0,0,0,0,0,0,0,0,0,0.836405835470234,0.19017878549664402,15.498622723453751
40,3,9,13,10,0,0,D,3,2,C,2,1,D,4,1,0,0,0,0,0,0,0.942712992394824,0.07529119707671382,18.319175523587493
84,5,5,3,16,12,3,C,3,9,A,4,7,C,3,10,D,4,11,B,2,12,0.9134404873943912,0.0689704407819138,18.691488310221818
71,3,3,4,10,0,0,C,4,12,D,4,6,D,4,12,0,0,0,0,0,0,0.9057558399562867,0.06745132077907678,17.28822045099899
26,1,6,0,0,0,0,D,3,1,0,0,0,0,0,0,0,0,0,0,0,0,0.6696363544779959,0.20548220535095835,16.22749302540198
17,1,2,0,0,0,0,D,2,2,0,0,0,0,0,0,0,0,0,0,0,0,0.729285266681446,0.15621975511725825,15.473825768525574
18,5,8,8,2,15,5,B,4,12,D,1,7,C,2,6,A,1,12,B,2,1,0.9174975984668057,0.07085362519052656,14.131717096534649
87,1,13,0,0,0,0,A,2,2,0,0,0,0,0,0,0,0,0,0,0,0,0.8692249129803006,0.24775211243762085,15.387701040042126
32,4,7,1,8,8,0,C,2,2,C,2,7,A,4,4,A,4,8,0,0,0,0.9098488661977732,0.04997440049721648,15.348158148287917
30,2,15,10,0,0,0,D,4,9,A,4,6,0,0,0,0,0,0,0,0,0,0.9340104353785875,0.021194946009855737,16.498244511122834
97,1,3,0,0,0,0,B,4,2,0,0,0,0,0,0,0,0,0,0,0,0,0.9463058047906036,0.03946704341199833,15.645143901122292
59,5,1,16,14,7,6,D,4,3,C,1,7,C,2,11,C,3,1,C,2,9,0.9475053015237414,0.08630355488863693,16.8175711718121
29,2,5,8,0,0,0,A,4,12,A,3,11,0,0,0,0,0,0,0,0,0,0.9225838740083906,0.029060079584659358,15.36591527743729
112,5,16,2,16,14,15,B,3,8,B,1,10,B,4,6,C,4,6,C,2,5,0.9439551704849258,0.04802662037633891,14.403835793582289
69,3,8,4,10,0,0,B,1,10,B,2,2,B,2,6,0,0,0,0,0,0,0.7529097189472378,0.24160421568916327,19.649521453856565
101,3,8,14,11,0,0,B,4,3,D,4,4,A,3,2,0,0,0,0,0,0,0.9085761811557737,0.08131202695623117,19.83229586756145
66,2,11,4,0,0,0,C,4,8,A,2,9,0,0,0,0,0,0,0,0,0,0.9398975583728402,0.09510918900695196,17.270597609146108
81,4,5,5,16,7,0,C,2,11,B,2,2,C,4,10,C,4,11,0,0,0,0.9263192079858614,0.0500873043113,14.976707981857185
25,4,14,7,3,14,0,A,2,7,D,1,6,A,2,10,D,1,8,0,0,0,0.9166289569294085,0.054112953751236315,18.160776820539773
84,2,6,12,0,0,0,C,1,10,C,1,6,0,0,0,0,0,0,0,0,0,0.7276082122970557,0.12123803808968109,15.134658355261939
94,3,3,6,11,0,0,D,2,7,C,4,4,A,4,9,0,0,0,0,0,0,0.9123586468341445,0.09921462406190887,18.258296807365923
104,3,15,13,16,0,0,B,1,8,D,2,5,A,2,8,0,0,0,0,0,0,0.8205283623507864,0.23822105945163566,21.902870164286128
102,4,8,11,6,3,0,D,3,8,D,1,6,C,2,11,A,4,3,0,0,0,0.9021678617853014,0.04077391496639264,14.450310615036644
58,1,6,0,0,0,0,C,3,9,0,0,0,0,0,0,0,0,0,0,0,0,0.848867552120047,0.26498164873329133,20.356177405053053
44,5,5,9,2,11,1,D,4,6,A,2,4,C,1,6,B,4,5,B,1,3,0.9382292377076092,0.02993434169381792,19.158179520880587
71,4,6,9,7,12,0,D,2,4,D,3,10,B,3,6,C,3,12,0,0,0,0.9327807567330909,0.05514813389015659,16.39484619030626
